<?xml version="1.0"?>
<!DOCTYPE actionmodels SYSTEM "../../actionmodels.dtd"[]>
<!-- define the actions on the UI components -->
<actionmodels resourceBundle="com.ptc.windchill.jca.jcaResource">
    <!-- Supplier tab second level navigation -->
    <model name="supplier navigation" defaultActionType="supplier"
        defaultActionName="list">
        <action name="list" type="supplier" />
        <action name="list" type="axlcontext" />
        <action name="list" type="axlrule" />
    </model>
    <!-- Wizard button set OK, Apply, Cancel -->
    <model name="WizardOkAplyCancelButtons">
        <action name="okButton" type="object" />
        <action name="applyButton" type="axlentry" />
        <action name="cancelButton" type="axlentry" />
    </model>
    <model name="WizardPrevNextCancelButtons">
        <action name="prevButton" type="object" />
        <action name="nextButton" type="object" />
        <action name="cancelButton" type="object" />
    </model>
    <!-- AXL Entry -->
    <model name="AXLENTRY_LIST_TOOLBAR_ACTION">
        <action name="delete_axl" type="axlentry" shortcut="true" />
        <action name="create_associate_new_supplier_part" type="axlentry"
            shortcut="true" />
        <action name="separator" type="separator" />
        <action name="add_aml" type="axlentry" shortcut="true" />
        <action name="add_avl" type="axlentry" shortcut="true" />
        <action name="separator" type="separator" />
        <action name="modify_aml" type="axlentry" shortcut="true" />
        <action name="modify_avl" type="axlentry" shortcut="true" />
        <action name="separator" type="separator" />
        <action name="row_modify_avl" type="axlentry" shortcut="true" />
        <action name="save_as" type="axlentry" shortcut="true" />
    </model>
    <model name="AXLENTRY_LIST_ROW_ACTION">
        <action name="row_modify_avl" type="axlentry" />
    </model>
    <!-- Add AVL to AXL Entry -->
    <model name="add avl table toolbar actions">
        <action name="remove" type="object" shortcut="true" />
        <action name="vdr_modify_avl" type="axlentry" shortcut="true" />
        <action name="separator" type="separator" />
        <action name="axl_add_avl" type="axlentry" shortcut="true" />
    </model>
    <model name="aml avl saveas table toolbar actions">
        <action name="remove" type="object" shortcut="true" />
    </model>
    <!-- Add AVL to AXL Entry -->
    <model name="axlentry all contexts toolbar actions">
        <action name="explode" type="folder" shortcut="true" />
        <action name="implode" type="folder" shortcut="true" />
        <submodel name="folderbrowser_toolbar_exportlisttofile_submenu" />
    </model>
    <!-- List of AML/AVL change events -->
    <model name="axl change history toolbar actions">
        <submodel name="folderbrowser_toolbar_exportlisttofile_submenu" />
    </model>
    <!-- Sourcing Context -->
    <model name="AXLCONTEXT_LIST_TOOLBAR_ACTION">
        <action name="suma_delete_object" type="suma" shortcut="true" />
        <action name="create" type="axlcontext" shortcut="true" />
    </model>
    <model name="AXLCONTEXT_LIST_ROW_ACTION">
        <action name="suma_delete_object" type="suma" />
        <action name="edit" type="axlcontext" />
        <action name="rename" type="axlcontext" />
    </model>
    <model name="AXLCONTEXT_THIRD_LEVEL_NAVIGATION">
        <submodel name="general" />
    </model>
    <model name="AXLCONTEXT_INFO_PAGE_ACTION">
        <action name="view" type="object" />
        <action name="edit" type="axlcontext" />
        <action name="rename" type="axlcontext" />
        <action name="suma_delete_info" type="suma" />
    </model>
    <!-- Vendor -->
    <model name="VENDOR_LIST_TOOLBAR_ACTION">
        <action name="remove" type="object" shortcut="true" />
        <action name="add_vendor" type="vendor" shortcut="true" />
    </model>
    <model name="VENDOR_LINE_REPORT_LIST_TOOLBAR_ACTION">
        <action name="copy" type="object" shortcut="true" />
        <submodel name="folderbrowser_toolbar_exportlisttofile_submenu" />
    </model>
    <!-- Supplier -->
    <model name="SUPPLIER_LIST_TOOLBAR_ACTION_ALL">
        <action name="delete_supplier" type="suma" shortcut="true" />
        <action name="vendor_line_report_all" type="supplier"
            shortcut="true" />
        <action name="separator" type="separator" />
        <action name="create" type="supplier" shortcut="true" />
    </model>
    <model name="SUPPLIER_LIST_TOOLBAR_ACTION_VENDOR">
        <action name="delete_supplier" type="suma" shortcut="true" />
        <action name="vendor_line_report_vendor" type="supplier"
            shortcut="true" />
        <action name="separator" type="separator" />
        <action name="create" type="supplier" shortcut="true" />
    </model>
    <model name="SUPPLIER_LIST_TOOLBAR_ACTION_MANUFACTURER">
        <action name="delete_supplier" type="suma" shortcut="true" />
        <action name="separator" type="separator" />
        <action name="create" type="supplier" shortcut="true" />
    </model>
    <model name="SUPPLIER_LIST_ROW_ACTION">
        <action name="view" type="object" />
        <action name="edit" type="supplier" />
        <action name="setState" type="lifecycle" />
    </model>
    <model name="SUPPLIER_THIRD_LEVEL_NAVIGATION">
        <submodel name="general" />
        <submodel name="relatedItems" />
        <submodel name="history" />
        <submodel name="collaboration" />
    </model>
    <model name="SUPPLIER_INFO_PAGE_ACTION" menufor="com.ptc.windchill.suma.supplier.Supplier">
        <action name="edit" type="supplier" />
        <action name="add_document" type="supplier" />
        <action name="create" type="contact" />
        <action name="setState" type="lifecycle" />
        <action name="delete_supplier_info" type="suma" />
    </model>
    <!-- Supplier Contact -->
    <model name="SUPPLIER_CONTACT_LIST_TOOLBAR_ACTION">
        <action name="suma_delete_object" type="suma" shortcut="true" />
        <action name="create" type="contact" shortcut="true" />
    </model>
    <model name="SUPPLIER_CONTACT_LIST_ROW_ACTION">
        <action name="view" type="object" />
        <action name="edit" type="contact" />
    </model>
    <model name="SUPPLIER_CONTACT_THIRD_LEVEL_NAVIGATION">
        <action name="attributes" type="object" />
    </model>
    <model name="SUPPLIER_CONTACT_INFOPAGE_ACTION">
        <action name="edit" type="contact" />
    </model>
    <!-- Supplier Document -->
    <model name="SUPPLIER_DOCUMENT_LIST_TOOLBAR_ACTION">
        <action name="remove_document" type="supplier" shortcut="true" />
        <action name="separator" type="separator" />
        <action name="add_document" type="supplier" shortcut="true" />
    </model>
    <model name="SUPPLIER_DOCUMENT_LIST_ROW_ACTION">
        <action name="view" type="object" />
    </model>
    <model name="SUPPLIED_PART_LIST_TOOLBAR_ACTION">
        <action name="copy" type="object" shortcut="true" />
        <submodel name="folderbrowser_toolbar_exportlisttofile_submenu" />
    </model>
    <!-- Sourcing Rules -->
    <model name="axlrule list table toolbar">
        <action name="suma_delete_object" type="suma" shortcut="true" />
        <action name="disable" type="axlrule" shortcut="true" />
        <action name="enable" type="axlrule" shortcut="true" />
        <action name="execute" type="axlrule" shortcut="true" />
        <action name="separator" type="separator" />
        <action name="refresh" type="axlrule" shortcut="true" />
        <action name="create" type="axlrule" shortcut="true" />
    </model>
    <model name="axlrule list table row actions">
        <action name="view" type="object" />
        <action name="edit" type="axlrule" />
    </model>
    <!-- Sourcing Rule Assignments -->
    <model name="axlrule assignment list table toolbar actions">
        <action name="remove" type="axlruleassignment" shortcut="true" />
        <action name="modify" type="axlruleassignment" shortcut="true" />
        <action name="separator" type="separator" />
        <action name="create" type="axlruleassignment" shortcut="true" />
    </model>
    <model name="axlrule assignment table row actions">
        <action name="top" type="axlruleassignment" />
        <action name="up" type="axlruleassignment" />
        <action name="down" type="axlruleassignment" />
        <action name="bottom" type="axlruleassignment" />
        <action name="separator" type="separator" />
        <action name="modify" type="axlruleassignment" />
    </model>
    <!-- NPR specific actionModels go here -->
    <model name="NPR_DETAILS_ACTIONS" menufor="com.ptc.windchill.suma.npi.WTPartRequest">
        <action name="checkout" type="wip" />
        <action name="checkin" type="wip" />
        <action name="undocheckout" type="wip" />
        <action name="edit" type="npi" />
        <action name="revise_request" type="npi" />
        <action name="separator" type="separator" />
        <action name="suma_delete_object" type="suma" />
        <action name="cancel_request" type="npi" />
        <action name="submit_request" type="npi" />
        <action name="separator" type="separator" />
        <action name="ManageSecurity" type="accessPermission" />
        <action name="securityLabelsSingleObjJCA" type="securityLabels" />
        <action name="EDITSECURITYLABELSNONCOLLECTED" type="object" />
        <action name="createSubscription" type="subscription" />
    </model>
    <model name="NPR_DETAILS_THIRD_LEVEL_NAV">
        <submodel name="general" />
        <submodel name="nprRelatedParts" />
        <submodel name="collaboration" />
        <submodel name="history" />
    </model>
    <model name="nprInfoPageTabSet">
        <description>Tab Set for WTPartRequest Info Page</description>
        <submodel name="nprDetailsTab" />
        <submodel name="nprProcessTab" />
    </model>
    <model name="nprDetailsTab" resourceBundle="com.ptc.windchill.suma.sumaResource">
        <description>WTPartRequest Details Tab Actions</description>
        <action name="attributes" type="object" />
        <action name="attachments" type="object" />
        <action name="related_parts" type="npi" />
        <action name="resultant_part" type="npi" />
    </model>
    <model name="nprProcessTab" resourceBundle="com.ptc.windchill.suma.sumaResource">
        <description>WTPartRequest Process Tab Actions</description>
        <action name="listTeamCC" type="team" />
        <action name="processHistory" type="workflow" />
        <action name="discuss" type="forum" />
    </model>
    <model name="nprRelatedParts" resourceBundle="com.ptc.windchill.suma.sumaResource">
        <action name="related_parts" type="npi" />
        <action name="resultant_part" type="npi" />
    </model>
    <model name="npr table toolbar actions">
        <action name="remove" type="object" shortcut="true" />
    </model>
    <model name="npr related parts table toolbar actions">
        <action name="remove" type="object" shortcut="true" />
        <action name="add_related_part" type="npi" shortcut="true" />
    </model>
    <!-- NPR related actionsModels end -->
    <!-- Tabs for Supplier Info Page -->
    <model name="supplierInfoPageTabSet">
        <submodel name="supplierDetailsTab" />
        <submodel name="suppliedPartsTab" />
    </model>
    <!-- Supplier Details tab actions -->
    <model name="supplierDetailsTab" resourceBundle="com.ptc.windchill.suma.jca.jcaResource">
        <action name="primaryAttributes" type="object" />
        <action name="attributes" type="object" />
        <action name="contacts" type="supplier" />
        <action name="documents" type="supplier" />
    </model>
    <!-- Supplied Parts tab actions -->
    <model name="suppliedPartsTab" resourceBundle="com.ptc.windchill.suma.jca.jcaResource">
        <action name="parts" type="supplier" />
    </model>
    <!-- Tabs for Sourcing Context Info Page -->
    <model name="axlContextInfoPageTabSet">
        <submodel name="axlContextDetailsTab" />
    </model>
    <!-- Sourcing Context Details tab actions -->
    <model name="axlContextDetailsTab" resourceBundle="com.ptc.windchill.suma.jca.jcaResource">
        <action name="primaryAttributes" type="object" />
    </model>
    <model name="sourcingRuleInfoPageTabSet">
        <description>Tab Set for Sourcing Rule Info Page</description>
        <submodel name="sourcingRuleDetailsTab" />
    </model>
    <model name="sourcingRuleDetailsTab" resourceBundle="com.ptc.windchill.suma.jca.jcaResource">
        <description>Sourcing Rule Details tab actions</description>
        <action name="primaryAttributes" type="object" />
        <action name="attributes" type="object" />
        <action name="sourcingRuleStatusAssignment" type="axlrule" />
    </model>
    <model name="SOURCING_RULE_THIRD_LEVEL_NAV">
        <description>Sourcing Rule Third_Level_Nav actions</description>
        <submodel name="general" />
        <action name="sourcingRuleStatusAssignment" type="axlrule" />
    </model>
    <model name="SOURCING_RULE_INFO_PAGE_ACTION" menufor="com.ptc.windchill.suma.axlrule.AXLPolicyRuleSet">
        <description>Sourcing Rule Info Page actions</description>
        <action name="edit" type="axlrule" />
        <action name="suma_delete_info" type="suma" />
    </model>
    <!-- Supplier Parts info page tab actions -->
    <model name="supplierPartInfoPageTabSet" resource="com.ptc.core.ui.navigationRB">
        <submodel name="supplierPartInfoDetailsTab" />
        <submodel name="partDocumentsTab" />
        <submodel name="supplierPartInfoWhereUsedTab" />
        <submodel name="changesTab" />
        <submodel name="partInfoHistoryTab" />
        <submodel name="prodAnalyticsTab" />
        <submodel name="partInfoContentTab" />
    </model>
    <model name="supplierPartInfoDetailsTab" resourceBundle="com.ptc.windchill.suma.jca.jcaResource">
        <action name="visualizationAndAttributes" type="object" />
        <action name="attributes" type="object" />
    </model>
    <model name="supplierPartInfoWhereUsedTab" resourceBundle="com.ptc.windchill.suma.jca.jcaResource">
        <action name="whereUsed" type="object" />
    </model>
    <model name="partDocumentsTab" resourceBundle="com.ptc.windchill.suma.jca.jcaResource">
        <action name="relatedPartsDocuments" type="part" />
        <action name="relatedPartsReferences" type="part" />
        <action name="relatedPartsCADDocuments" type="part" />
    </model>
    <model name="SUPPLIER_PART_THIRD_LEVEL_NAV">
        <description>Supplier Part Third_Level_Nav actions</description>
        <submodel name="general" />
        <submodel name="supplierPartInfoChange" />
        <!-- Change -->
        <submodel name="supplierPartInfoDocuments" />
        <!-- Documents -->
        <submodel name="supplierPartInfoHistory" />
        <!-- History -->
        <submodel name="prodAnalytics" />
        <!-- Product Analytics -->
    </model>
    <model name="supplierPartInfoChange" resourceBundle="com.ptc.windchill.suma.jca.jcaResource">
        <action name="relatedChangeIssues" type="change" />
        <action name="relatedChangeRequests" type="change" />
        <action name="relatedAffectedByChangeNotices" type="change" />
        <action name="relatedResultingFromChangeNotices" type="change" />
    </model>
    <model name="supplierPartInfoDocuments" resourceBundle="com.ptc.windchill.suma.jca.jcaResource">
        <action name="relatedPartsCADDocuments" type="part" />
        <action name="relatedPartsDocuments" type="part" />
        <action name="relatedPartsReferences" type="part" />
        <action name="relatedPackages" type="wp" />
        <action name="scheduledDeliverables" type="planActivity" />             <!-- Associated PlanActivities which act as Scheduled Deliverables. -->
    </model>
    <model name="supplierPartInfoHistory" resourceBundle="com.ptc.windchill.suma.jca.jcaResource">
        <action name="timelineHistory" type="history" />
        <action name="separator" type="separator" />
        <action name="alternateHistory" type="history" />
        <action name="effectivityHistory" type="history" />
        <action name="maturityHistory" type="history" />
        <action name="versionHistory" type="history" />
        <action name="separator" type="separator" />
        <action name="processHistory" type="workflow" />
        <action name="separator" type="separator" />
        <action name="moveHistory" type="object" />
        <action name="renameHistory" type="object" />
        <action name="saveAsHistory" type="history" />
        <action name="axlhistory" type="axlentry" />
    </model>
    <model name="prodAnalyticsTab" resourceBundle="com.ptc.core.ui.navigationRB">
        <action name="relatedComplianceSpecs" type="environment" />
        <action name="relatedCostAnalytics" type="costAnalytics" />
        <action name="relatedLCAAnalytics" type="lcaAnalytics" />
    </model>
    <model name="change_suma_tree_toolbar_actionmodel">
        <action name="list_copy" type="object" shortcut="true" />
        <action name="separator" type="separator" />
        <submodel name="exportlisttofile_submenu" type="object" />
    </model>

    <model name="amlWhereUsedTablePart">
        <action name="explode" type="folder" shortcut="true" />
        <action name="implode" type="folder" shortcut="true" />
        <action name="amlwhereused_copy" type="object" shortcut="true" />
        <action name="WFADDTOWORKSPACE" type="folder" shortcut="true" />
        <submodel name="folderbrowser_toolbar_exportlisttofile_submenu" />
    </model>

</actionmodels>
