<%@page language="java"%>
<%@taglib uri="http://www.ptc.com/infoengine/taglib/core" prefix="ie"%>

	<ie:webject name="Query-Objects" type="OBJ">
	    <ie:param name="INSTANCE" data="$(@FORM[]supporting-adapter[*])" delim="!" valueSeparator="!" default="<%=wt.util.WTProperties.getLocalProperties().getProperty("wt.federation.ie.VMName")%>"/>
	    <ie:param name="TYPE" data="wt.inf.library.WTLibrary"/>
		<ie:param name="ATTRIBUTE" data="obid" />
		<ie:param name="WHERE" data="containerInfo.name='Corporate Catalogues'" />
	    <ie:param name="GROUP_OUT" data="libraryGroup"/>
	</ie:webject>
	<!--
	<ie:webject name="Query-Objects" type="OBJ">
	    <ie:param name="INSTANCE" data="$(@FORM[]supporting-adapter[*])" delim="!" valueSeparator="!" default="<%=wt.util.WTProperties.getLocalProperties().getProperty("wt.federation.ie.VMName")%>"/>
	    <ie:param name="TYPE" data="wt.folder.SubFolder"/>
		<ie:param name="ATTRIBUTE" data="obid" />
		<ie:param name="WHERE" data="name='HVAC'" />
		<ie:param name="WHERE" data="(containerReference='$(libraryGroup[0]obid[0])')" />
	    <ie:param name="GROUP_OUT" data="folderHVACGroup"/>
	</ie:webject>
-->
	<ie:webject name="Query-Objects" type="OBJ">
	    <ie:param name="INSTANCE" data="$(@FORM[]supporting-adapter[*])" delim="!" valueSeparator="!" default="<%=wt.util.WTProperties.getLocalProperties().getProperty("wt.federation.ie.VMName")%>"/>
	    <ie:param name="TYPE" data="com.ptc.KBMaterial"/>
		<ie:param name="ATTRIBUTE" data="number,name" delim="," />
		<ie:param name="WHERE" data="state.state='1050'" />
		<ie:param name="WHERE" data="(containerReference='$(libraryGroup[0]obid[0])')" />
	    <!--<ie:param name="WHERE" data="(folder.id='$(folderHVACGroup[0]obid[0])')" />-->
		<ie:param name="SORTBY" data="name" />
	   <ie:param name="GROUP_OUT" data="kbmaterialsHVACGroupUnordered"/>
	</ie:webject>

	<ie:webject name="Sort-Group" type="GRP">
		<ie:param name="GROUP_IN" data="kbmaterialsHVACGroupUnordered"/>
		<ie:param name="SORTBY" data="name"/>
		<ie:param name="SORTED" data="ASC"/>
		<ie:param name="COMPARISON" data="ALPHA"/>
		<ie:param name="CASE_IGNORE" data="TRUE"/>
		<ie:param name="GROUP_OUT" data="kbmaterialsHVACGroup"/>
</ie:webject>