<?xml version="1.0"?>
<!DOCTYPE NmLoader SYSTEM "standardX20.dtd">
<NmLoader>
<!-- *********BELOW IS FOR WT PART********* -->
	<csvExportDefinition handler="com.ptc.generic.datamodel.DataModelExporter.beginExportDefinition">
		<csvtoLocation>/opt/ptc/wt111/windchill/datamodelexport</csvtoLocation>
		<csvtoFileName>excelfull.xlsx</csvtoFileName>
		<csvexportDefClass>com.ptc.core.lwc.server.LWCTypeDefinition</csvexportDefClass>
		<csvexportNames></csvexportNames>
		<csvmode>0</csvmode>
		<csvdebug>false</csvdebug>
        <csvExportAncestorTypes>false</csvExportAncestorTypes>
	</csvExportDefinition>
</NmLoader>