<?xml version="1.0" standalone="no"?>
<!-- <!DOCTYPE AvailableAttributes SYSTEM "AvailableAttributes.dtd" >                                   -->
<!-- Site specific entries should be placed in AvailableAttributesSite.xml                              -->
<!-- The class element corresponds to a modeled or soft windchill type.                                 -->
<!-- The children of the Class element can be Include or Attribute.                                     -->
<!-- The Include element specifies another type from which to pull in attribute definitions             -->
<!-- The Attribute element defines an attribute that can show up in the table view manager.             -->
<!-- The attributes of the Map element are:                                                             -->
<!-- id:          The jca id of the attribute. (name, for example)                                      -->
<!-- jsId:        The js id of the attribute. (objName, for example)                                    -->
<!-- The attributes of the Attribute element are:                                                       -->
<!-- id:          The id of the attribute. (name, for example)                                          -->
<!-- schemaId:    The schema id for the attribute, if it has a different schema id than the id.         -->
<!-- type:        They type of the attribute, can be (text|boolean|date|integer|real|list). Defaults to text -->
<!-- enumClass:   The class of a java enum that defines the list values (for list type attributes)      -->
<!-- An Attribute may have a single Label subelement, which has these attributes:                       -->
<!-- NOTE: Specifying labels in this file will only affect the labels in the create/edit view wizard.   
           If you need to set the label for both the view wizard and the table column header, add an
           entry to com.ptc.core.ui.componentRB.rbInfo                                                  -->
<!-- resource:    The name of a resource bundle to find the label in                                    -->
<!-- enumClass:   support for labels that are enumerated type values                                    -->
<!-- key:         can be either either a bundle constant or the actual value of the message key         -->
<AvailableAttributes>
   <!-- js id mappings -->
   <Map id="authoringApplication" jsId="objAuthType"/>
   <Map id="containerName" jsId="context"/>
   <Map id="fileName" jsId="objCadModelName"/>
   <Map id="creator" jsId="created_by"/>
   <Map id="docType" jsId="doc_type"/>
   <Map id="docSubType" jsId="doc_subtype"/>
   <Map id="lifeCycleTemplate" jsId="lifecycle_name"/>
   <Map id="missingDependents" jsId="isMissingDependents"/>
   <Map id="modifier" jsId="modified_by"/>
   <Map id="name" jsId="objName"/>
   <Map id="number" jsId="objNumber"/>
   <Map id="orgid" jsId="objOrganizationId"/>
   <Map id="placeHolder" jsId="isPlaceHolder"/>
   <Map id="revision" jsId="objVersion"/>
   <Map id="SCA|displayType" jsId="soft_type"/>
   <Map id="state" jsId="current_lifecycle_state"/>
   <Map id="statusFamily_Change" jsId="change_status"/>
   <Map id="statusFamily_General" jsId="server_status"/>
   <Map id="statusFamily_Share" jsId="sandbox_status"/>
   <Map id="thePersistInfo.createStamp" jsId="created"/>
   <Map id="thePersistInfo.modifyStamp" jsId="last_updated"/>
   <Map id="type_icon" jsId="objType"/>
   <Map id="version" jsId="iteration"/>
   <Map id="folder.id" jsId="location"/>
   <Map id="identifier" jsId="featureID"/>

   <Class name="com.ptc.windchill.enterprise.report.Report">
      <Include name="wt.fc.Persistable"/>
      <Include name="wt.inf.container.WTContained"/>
      <Attribute id="description"/>
      <Attribute id="localizedName"/>
      <Attribute id="name"/>
      <Attribute id="readyForUse" type="boolean"/>
   </Class>

   <Class name="com.ptc.windchill.ixb.importer.ImportJob">
      <Include name="wt.inf.container.WTContained"/>
      <Include name="wt.fc.Persistable"/>
      <Attribute id="number"/>
      <Attribute id="importJobStatus" schemaId="status" type="list" enumClass="com.ptc.windchill.ixb.importer.ImportJobStatus"/>
      <Attribute id="spec.filename"/>
      <Attribute id="spec.action"/>
   </Class>
     
   <Class name="com.ptc.windchill.wp.AbstractWorkPackage">
      <Include name="wt.access.SecurityLabeled"/> 
   </Class>
   
   <Class name="com.ptc.windchill.wp.delivery.DeliveryRecord">
      <Include name="wt.access.SecurityLabeled"/>
   </Class>
   
   <Class name="wt.change2.VersionableChangeItem">
      <Include name="wt.access.SecurityLabeled"/>
   </Class>
   
   <Class name="wt.content.FormatContentHolder">
      <Attribute id="format" schemaId="format.name"/>
      <Attribute id="fileName"/>
   </Class>
   
   <Class name="wt.dataops.archive.Archive">
      <Include name="wt.inf.container.WTContained"/>
      <Include name="wt.fc.Persistable"/>
      <Attribute id="creator" schemaId="creator.name"/>
      <Attribute id="description"/>
      <Attribute id="lastAccessedStamp" type="date"/>
      <Attribute id="name"/>
      <Attribute id="numObjectsArchived"/>
      <Attribute id="thePersistInfo.createStamp" type="date"/>
   </Class>
   
   <Class name="wt.doc.WTDocument">
      <Include name="wt.content.FormatContentHolder"/>
      <Include name="wt.enterprise.RevisionControlled"/>
      <Attribute id="description"/>
      <Attribute id="formatIcon">
         <Label resource="com.ptc.windchill.enterprise.attachments.attachmentsResource" key="FORMAT_ICON"/>
      </Attribute>
      <Attribute id="title"/>
   </Class>
   
   <Class name="wt.doc.WTDocumentMaster">
      <Include name="wt.fc.Persistable"/>
      <Include name="wt.inf.container.WTContained"/>
      <Include name="wt.org.OrganizationOwned"/>
      <Attribute id="name"/>
      <Attribute id="number"/>
   </Class>

   <Class name="wt.enterprise.CabinetManaged">
      <Include name="wt.access.SecurityLabeled"/>
   </Class>
   
   <Class name="wt.enterprise.Managed">
      <Include name="wt.fc.Persistable"/>
      <Include name="wt.folder.Foldered"/>
      <Include name="wt.lifecycle.LifeCycleManaged"/>
      <Include name="wt.ownership.Ownable"/>
      <Include name="wt.access.SecurityLabeled"/>
      <Attribute id="creator" schemaId="creator.name"/>
   </Class>
   
   <Class name="wt.enterprise.RevisionControlled">
      <Include name="wt.change2.Changeable2"/>
      <Include name="wt.fc.Persistable"/>
      <Include name="wt.folder.Foldered"/>
      <Include name="wt.lifecycle.LifeCycleManaged"/>
      <Include name="wt.inf.container.WTContained"/>
      <Include name="wt.org.OrganizationOwned"/>      
      <Include name="wt.vc.Versioned"/>
      <Include name="wt.vc.wip.Workable"/>
      <Include name="wt.access.SecurityLabeled"/>
      <Attribute id="name"/>
      <Attribute id="number"/>
   </Class>
   
   <Class name="wt.epm.EPMDocument">
      <Include name="wt.enterprise.RevisionControlled"/>
      <Include name="wt.content.FormatContentHolder"/>
      <Attribute id="authoringApplication" type="list" enumClass="wt.epm.EPMAuthoringAppType"/>
      <Attribute id="description"/>
      <Attribute id="docType">
         <Label resource="com.ptc.core.htmlcomp.jstable.jstableResource" key="DOC_TYPE"/>
      </Attribute>
      <Attribute id="docSubType">
         <Label resource="com.ptc.core.htmlcomp.jstable.jstableResource" key="DOC_SUBTYPE"/>
      </Attribute>
      <Attribute id="generic" type="boolean">
         <Label resource="com.ptc.core.htmlcomp.jstable.jstableResource" key="GENERIC"/>
      </Attribute>
      <Attribute id="instance" type="boolean">
         <Label resource="com.ptc.core.htmlcomp.jstable.jstableResource" key="INSTANCE"/>
      </Attribute>
      <Attribute id="missingDependents" type="boolean"/>
      <Attribute id="ownerApplication" type="list" enumClass="wt.epm.EPMApplicationType"/>
      <Attribute id="placeHolder" type="boolean"/>
      <Attribute id="authoringAppVersionReference"/>
   </Class>
   
   <Class name="wt.epm.EPMDocumentMaster">
      <Include name="wt.inf.container.WTContained"/>
      <Include name="wt.fc.Persistable"/>
      <Include name="wt.org.OrganizationOwned"/>
      <Attribute id="name"/>
      <Attribute id="number"/>
   </Class>
   
   <Class name="wt.epm.structure.EPMDependencyLink">
      <Attribute id="isMemberLinkRequired" type="boolean" />
      <Attribute id="depType" />
   </Class>

   <Class name="wt.epm.structure.EPMMemberLink">
      <Include name="wt.epm.structure.EPMDependencyLink"/>
      <Attribute id="quantityUnit" />
      <Attribute id="quantityAmount" />
      <Attribute id="suppressed" type="boolean" />
      <Attribute id="placed" type="boolean" />
      <Attribute id="componentName">
         <Label resource="com.ptc.core.htmlcomp.jstable.jstableResource" key="COMPONENT_NAME"/>
      </Attribute>
	  <Attribute id="componentNumber" />
      <Attribute id="identifier" />
   </Class>

   <Class name="wt.fc.Persistable">
      <Attribute id="infoPageAction">
         <Label resource="com.ptc.core.ui.tableRB" key="INFO_ACTION"/>
      </Attribute>
      <Attribute id="SCA|displayType"/>
      <Attribute id="statusFamily_General" type="list" enumClass="com.ptc.core.htmlcomp.jstable.ServerStatus">
         <Label resource="com.ptc.core.ui.tableRB" key="GENERAL_STATUS"/>
      </Attribute>
      <Attribute id="thePersistInfo.createStamp" type="date"/>
      <Attribute id="thePersistInfo.modifyStamp" type="date"/>
      <Attribute id="type_icon">
         <Label resource="com.ptc.core.ui.tableRB" key="ICON"/>
      </Attribute>
   </Class>

   <Class name="wt.inf.container.WTContainer">
      <Include name="wt.inf.container.WTContained"/>
      <Include name="wt.org.OrganizationOwned"/>
      <Attribute id="containerInfo.sharingEnabled" type="boolean"/>
      <Attribute id="containerInfo.privateAccess" type="boolean"/>
      <Attribute id="creator" schemaId="creator.name"/>
      <Attribute id="description"/>
      <Attribute id="name" schemaId="containerInfo.name"/>
      <Attribute id="owner" schemaId="owner.name">
          <Label resource="com.ptc.core.ui.tableRB" key="CONTAINER_OWNER_NAME"/>
      </Attribute>      
   </Class>
   
   <Class name="wt.inf.container.WTContained">
      <Attribute id="containerName"/>
      <Attribute id="statusFamily_Share" type="list" enumClass="com.ptc.core.htmlcomp.jstable.SandboxStatus">
         <Label resource="com.ptc.core.ui.tableRB" key="SHARE_STATUS"/>
      </Attribute>
   </Class>
   
   <Class name="wt.inf.library.WTLibrary">
      <Include name="wt.fc.Persistable"/>
      <Include name="wt.inf.team.ContainerTeamManaged"/>
   </Class>
   
   <Class name="wt.inf.team.ContainerTeamManaged">
      <Include name="wt.inf.container.WTContainer"/>
      <Attribute id="state" schemaId="containerTeamManagedInfo.state" type="list" enumClass="wt.inf.team.ContainerTeamManagedState"/>
   </Class>
   
   <Class name="wt.lifecycle.LifeCycleManaged">
      <Attribute id="state" schemaId="state.state" type="list" enumClass="wt.lifecycle.State"/>
      <Attribute id="lifeCycleTemplate" schemaId="lifeCycleTemplate.name"/>
   </Class>
   
   <Class name="wt.locks.Lockable">
      <Attribute id="locker" schemaId="locker.name"/>
   </Class>
   
   <Class name="wt.maturity.PromotionNotice">
      <Include name="wt.enterprise.Managed"/>
      <Include name="wt.inf.container.WTContained"/>
      <Include name="wt.org.OrganizationOwned"/>
      <Attribute id="description"/>
      <Attribute id="name"/>
      <Attribute id="number"/>
   </Class>
   
   <Class name="wt.meeting.Meeting">
      <Include name="wt.fc.Persistable"/>
      <Include name="wt.inf.container.WTContained"/>
      <Include name="wt.ownership.Ownable"/> 
      <Include name="wt.access.SecurityLabeled"/>
      <Attribute id="dialIn"/>
      <Attribute id="dialInDescription"/>
      <Attribute id="duration"/>
      <Attribute id="host" schemaId="host.name"/>
      <Attribute id="name"/>
      <Attribute id="startTime" type="date"/>
      <Attribute id="meetingStatus" type="list" enumClass="wt.meeting.MeetingStatus"/>
      <Attribute id="meetingType" type="list" enumClass="wt.meeting.MeetingType"/>
   </Class>
   
   <Class name="wt.meeting.actionitem.DiscreteActionItem">
      <Include name="wt.fc.Persistable"/>
      <Include name="wt.inf.container.WTContained"/>
      <Include name="wt.lifecycle.LifeCycleManaged"/>
      <Include name="wt.ownership.Ownable"/>
      <Attribute id="actionPlan"/>
      <Attribute id="actualEffort"/>
      <Attribute id="actualStart" type="date"/>
      <Attribute id="category" type="list" enumClass="wt.meeting.actionitem.ActionItemCategory"/>
      <Attribute id="comments"/>
      <Attribute id="contacts"/>
      <Attribute id="contingency"/>
      <Attribute id="cost"/>
      <Attribute id="costImpact"/>
      <Attribute id="creator" schemaId="creator.name"/>
      <Attribute id="customers"/>
      <Attribute id="description"/>
      <Attribute id="designCost"/>
      <Attribute id="estimatedEffort"/>
      <Attribute id="estimatedFinish" type="date"/>
      <Attribute id="estimatedStart" type="date"/>
      <Attribute id="generalPercent"/>
      <Attribute id="generalSize"/>      
      <Attribute id="impact"/>
      <Attribute id="itemDueDate" type="date"/>
      <Attribute id="modifier" schemaId="modifier.name"/>
      <Attribute id="name" schemaId="itemName"/>
      <Attribute id="number" schemaId="itemNumber"/>
      <Attribute id="percentComplete"/>
      <Attribute id="phase"/>
      <Attribute id="prevention"/>
      <Attribute id="priority" schemaId="priority" type="list" enumClass="wt.meeting.actionitem.ActionItemPriority"/>
      <Attribute id="probability"/>
      <Attribute id="productionCost"/>
      <Attribute id="quantity"/>
      <Attribute id="rank"/>
      <Attribute id="actualFinish" type="date" schemaId="resolutionDate"/>
      <Attribute id="resources"/>
      <Attribute id="riskDescription"/>
      <Attribute id="riskType"/>
      <Attribute id="riskValue" type="list" enumClass="wt.projmgmt.admin.ProjectRiskValue"/>
      <Attribute id="scheduleImpact"/>
      <Attribute id="statusDescription"/>
      <Attribute id="summaryInfo"/>
      <Attribute id="suppliers"/>
      <Attribute id="supportingInformation"/>
      <Attribute id="toolingCost"/>
   </Class>
   
   <Class name="wt.org.WTOrganization">
      <Include name="wt.fc.Persistable"/>
	  <Attribute id="orgid" schemaId="organizationIdentifier"/>
      <Attribute id="description"/>
      <Attribute id="name"/>
   </Class>
   
   <Class name="wt.org.OrganizationOwned">
      <Attribute id="orgid" schemaId="organizationIdentifier"/>
   </Class>
   
   <Class name="wt.org.WTUser">
      <Include name="wt.fc.Persistable"/>
	  <Attribute id="fullName"/>
      <Attribute id="eMail"/>
      <Attribute id="name"/>
      <Attribute id="organizationName"/>
   </Class>
   
   <Class name="wt.ownership.Ownable">
      <Attribute id="ownership.owner" schemaId="ownership.owner.name"/>
   </Class>
   
   <Class name="wt.part.WTPart">
      <Include name="wt.enterprise.RevisionControlled"/>
	  <Include name="wt.generic.Genericizable"/>
      <Include name="wt.translate.Translatable"/>
      <Attribute id="defaultUnit" type="list" enumClass="wt.part.QuantityUnit"/>
      <Attribute id="source" type="list" enumClass="wt.part.Source"/>
      <Attribute id="partType" type="list" enumClass="wt.part.PartType"/>
      <Attribute id="defaultTraceCode" type="list" enumClass="wt.configuration.TraceCode"/>
      <Attribute id="view.id" schemaId="view"/>
      <Attribute id="endItem"/>
      <Attribute id="hidePartInStructure"/>
      <Attribute id="predecessorViewVersion"/>
      <Attribute id="statusFamily_BuildStatus" type="list" enumClass="wt.part.StatusFamilyBuildStatus"/>
      <Attribute id="servicekit"/>
      <Attribute id="serviceable"/>
      <Attribute id="statusFamily_Supersede">
      	    <Label resource="com.ptc.core.ui.tableRB" key="SUPERSEDE_STATUS"/>
      </Attribute>
      <Attribute id="phantom"/>
      <Attribute id="itemOptionRules">
           <Label resource="com.ptc.cat.config.server.columnLabelsRB" key="ITEM_OPTION_RULES"/>
       </Attribute>
       <Attribute id="contractNumber"/>
       <Attribute id="jobAuthorizationNumber"/>
       <Attribute id="phase"/>
	   
   	   <Attribute id="KB_MAT_COST_LOCAL"/>
	   <Attribute id="KB_MAT_COST_PREF"/>
	   <Attribute id="KB_EST_MAT_COST_LOCAL"/>
	   <Attribute id="KB_EST_MAT_COST_PREF"/>
   </Class>
   
   <Class name="wt.translate.Translatable">
         <Attribute id="translationInfo.authoringLanguage"/>
   </Class>
   
   <Class name="wt.part.WTPartMaster">
      <Include name="wt.inf.container.WTContained"/>
      <Include name="wt.fc.Persistable"/>
      <Include name="wt.org.OrganizationOwned"/>
      <Include name="wt.generic.GenericizableMaster"/>
      <Attribute id="name"/>
      <Attribute id="number"/>
      <Attribute id="endItem"/>
      <Attribute id="defaultTraceCode" type="list" enumClass="wt.configuration.TraceCode"/>
      <Attribute id="defaultUnit" type="list" enumClass="wt.part.QuantityUnit"/>
      <Attribute id="servicekit"/>
      <Attribute id="serviceable"/>
      <Attribute id="statusFamily_Supersede">
            <Label resource="com.ptc.core.ui.tableRB" key="SUPERSEDE_STATUS"/>
      </Attribute>
      <Attribute id="phantom"/>
   </Class>
   
   <Class name="wt.generic.GenericizableMaster">
      <Attribute id="genericType"/>
      <Attribute id="collapsible"/>
   </Class>

   <Class name="wt.generic.Genericizable">
      <Attribute id="genericType"/>
   </Class>
   
   <Class name="wt.part.WTProductConfiguration">
      <Include name="wt.fc.Persistable"/>
      <Include name="wt.inf.container.WTContained"/>
      <Include name="wt.lifecycle.LifeCycleManaged"/>
      <Include name="wt.vc.Iterated"/>
      <Include name="wt.locks.Lockable"/>
      <Include name="wt.access.SecurityLabeled"/>
      <Attribute id="description"/>
      <Attribute id="name" schemaId="adHocStringIdentifier"/>
      <Attribute id="master.configurationFor.name">
		<Label resource="com.ptc.windchill.enterprise.configuration.partConfigResource" key="VIEW_CONFIG_PART_NAME"/>
	  </Attribute>
      <Attribute id="master.configurationFor.number">
		<Label resource="com.ptc.windchill.enterprise.configuration.partConfigResource" key="VIEW_CONFIG_PART_NUMBER"/>
	  </Attribute>
      <Attribute id="sessionOwner" schemaId="sessionOwner.name"/>
   </Class>
   
   <Class name="wt.part.WTProductInstance2">
      <Include name="wt.fc.Persistable"/>
      <Include name="wt.inf.container.WTContained"/>
      <Include name="wt.lifecycle.LifeCycleManaged"/>
      <Include name="wt.vc.Iterated"/>      
      <Include name="wt.org.OrganizationOwned"/>
      <Include name="wt.access.SecurityLabeled"/>
      <Attribute id="revision" schemaId="versionInfo.identifier.versionId"/>
      <Attribute id="serialNumber"/>
      <Attribute id="lotNumber"/>      
      <Attribute id="plannedIncorporation" type="date"/>
      <Attribute id="incorporated" type="date"/>
      <Attribute id="unIncorporated" type="date"/>
      <Attribute id="master.productName">
		<Label resource="com.ptc.windchill.enterprise.partInstance.partInstanceClientResource" key="VIEW_INSTANCE_PART_NAME"/>
	  </Attribute>
      <Attribute id="master.productNumber">
		<Label resource="com.ptc.windchill.enterprise.partInstance.partInstanceClientResource" key="VIEW_INSTANCE_PART_NUMBER"/>
	  </Attribute>
   </Class>
   
   <Class name="wt.pdmlink.PDMLinkProduct">
      <Include name="wt.fc.Persistable"/>
      <Include name="wt.inf.team.ContainerTeamManaged"/>
   </Class>

  
   <Class name="wt.projmgmt.admin.Project2">
      <Include name="wt.fc.Persistable"/>
      <Include name="wt.inf.team.ContainerTeamManaged"/>
      <Attribute id="budget"/>
      <Attribute id="businessLocation"/>
      <Attribute id="businessUnit"/>
      <Attribute id="projectCategory" schemaId="category" type="list" enumClass="wt.projmgmt.admin.ProjectCategory"/>
      <Attribute id="completionStatus"/>
      <Attribute id="estimatedEndDate" type="date"/>
      <Attribute id="healthStatus" type="list" enumClass="wt.projmgmt.admin.ProjectHealthStatus"/>
      <Attribute id="number" schemaId="projectNumber"/>
      <Attribute id="projectPhase" schemaId="phase" type="list" enumClass="wt.projmgmt.admin.ProjectPhase"/>
      <Attribute id="riskValue"/>
      <Attribute id="projectHost" schemaId="organizationReference.name">
         <Label resource="com.ptc.core.ui.componentRB" key="PROJECT_HOST"/>
      </Attribute>
      <Attribute id="autoUpdateProject"/>
      <Attribute id="autoUpdateUser"/>
      <Attribute id="lastAutoUpdateCompleteDate"/>
	  <Attribute id="owner" schemaId="owner.name">
 	 	 	<Label resource="com.ptc.core.ui.tableRB" key="OWNERSHIP_OWNER_NAME"/>
 	  </Attribute> 
   </Class>
   
   <Class name="wt.projmgmt.execution.SummaryActivity">
      <Include name="wt.workflow.engine.WfExecutionObject"/>
      <Include name="wt.ownership.Ownable"/>
      <Attribute id="estimatedFinish" type="date" schemaId="estimatedFinishDate"/>
      <Attribute id="healthStatus" type="list" enumClass="wt.projmgmt.admin.ProjectHealthStatus"/>
      <Attribute id="percentComplete"/>
      <Attribute id="projectCategory" type="list" enumClass="wt.projmgmt.admin.ProjectCategory"/>
      <Attribute id="riskValue" type="list" enumClass="wt.projmgmt.admin.ProjectRiskValue"/>
   </Class>
   
   <Class name="wt.projmgmt.resource.Deliverable">
      <Include name="wt.fc.Persistable"/>
      <Include name="wt.ownership.Ownable"/>
      <Include name="wt.inf.container.WTContained"/>
      <Attribute id="deadline" type="date"/>
      <Attribute id="description"/>
      <Attribute id="duration"/>
      <Attribute id="actualFinish" type="date" schemaId="endTime"/>
      <Attribute id="estimatedFinish" type="date" schemaId="estimatedFinishDate"/>
      <Attribute id="healthStatus" type="list" enumClass="wt.projmgmt.admin.ProjectHealthStatus"/>
      <Attribute id="name"/>
      <Attribute id="percentComplete"/>
      <Attribute id="projectDeliverable" type="boolean"/>
      <Attribute id="projectCategory" type="list" enumClass="wt.projmgmt.admin.ProjectCategory"/>
      <Attribute id="riskValue"/>
   </Class>
   
   <Class name="wt.projmgmt.resource.ProjectResource">
      <Include name="wt.fc.Persistable"/>
      <Include name="wt.inf.container.WTContained"/>
      <Attribute id="description"/>
      <Attribute id="enabled" type="boolean"/>
      <Attribute id="name"/>
      <Attribute id="resourceCategory" schemaId="category" type="list" enumClass="wt.projmgmt.resource.ResourceCategory"/>
   </Class>
   
   <Class name="wt.query.SavedQuery">
      <Attribute id="creator" schemaId="creator.name"/>
      <Attribute id="name"/>
      <Attribute id="scope" schemaId="scope.name"/>
      <Attribute id="thePersistInfo.createStamp" type="date"/>
      <Attribute id="thePersistInfo.modifyStamp" type="date"/>
   </Class>
   
   <Class name="wt.query.template.ReportTemplate">
      <Include name="wt.inf.container.WTContained"/>
      <Include name="wt.fc.Persistable"/>
      <Include name="wt.folder.Foldered"/>
      <Include name="wt.ownership.Ownable"/>
      <Attribute id="creator" schemaId="creator.name"/>
      <Attribute id="description"/>
      <Attribute id="name"/>
   </Class>
         
   <Class name="wt.vc.wip.Workable">
      <Include name="wt.ownership.Ownable"/>
      <Include name="wt.locks.Lockable"/>
   </Class>
   
   <Class name="wt.vc.Iterated">
      <Attribute id="creator" schemaId="creator.name"/>
      <Attribute id="modifier" schemaId="modifier.name"/>
   </Class>
   
   <Class name="wt.vc.Versioned">
      <Include name="wt.vc.Iterated"/>
      <Attribute id="version">
         <Label resource="wt.enterprise.enterpriseResource" key="VERSION"/>
      </Attribute>
      <Attribute id="iterationInfo.latest" type="boolean"/>
   </Class>
   
   <Class name="wt.viewmarkup.DerivedImage">
      <Include name="wt.access.SecurityLabeled"/>  
   </Class>

   <Class name="wt.workflow.engine.WfExecutionObject">
      <Include name="wt.fc.Persistable"/>
      <Include name="wt.inf.container.WTContained"/>
      <Attribute id="alertTime"/>
      <Attribute id="deadline" type="date"/>
      <Attribute id="description"/>
      <Attribute id="actualFinish" type="date" schemaId="endTime"/>
      <Attribute id="name"/>
      <Attribute id="priority"/>
      <Attribute id="actualStart" type="date" schemaId="startTime"/>
      <Attribute id="state" type="list" enumClass="wt.workflow.engine.WfState"/>
      <Attribute id="suspendTime"/>
      <Attribute id="estimatedStart" type="date" schemaId="timeToStart"/>
   </Class>
   
   <Class name="wt.workflow.engine.WfActivity">
      <Include name="wt.workflow.engine.WfExecutionObject"/>
      <Include name="wt.ownership.Ownable"/>
      <Attribute id="estimatedFinish" type="date" schemaId="estimatedFinishDate"/>
      <Attribute id="healthStatus" type="list" enumClass="wt.projmgmt.admin.ProjectHealthStatus"/>
      <Attribute id="percentComplete"/>
      <Attribute id="projectCategory" type="list" enumClass="wt.projmgmt.admin.ProjectCategory"/>
      <Attribute id="riskValue" type="list" enumClass="wt.projmgmt.admin.ProjectRiskValue"/>
   </Class>
   
   <Class name="wt.workflow.engine.WfProcess">
      <Include name="wt.workflow.engine.WfExecutionObject"/>
      <Include name="wt.ownership.Ownable"/>
      <Attribute id="creator" schemaId="creator.name"/>
   </Class>
   
   <Class name="wt.workflow.forum.DiscussionPosting">
      <Include name="wt.fc.Persistable"/>
      <Include name="wt.inf.container.WTContained"/>
      <Include name="wt.ownership.Ownable"/>
      <Attribute id="discussionTopic" schemaId="theDiscussionTopicReference.name"/>
      <Attribute id="message"/>
      <Attribute id="subject"/>
   </Class>
   
   <Class name="wt.workflow.forum.DiscussionTopic">         
                  <Include name="wt.inf.container.WTContained"/>            
                  <Attribute id="name"/>               
   </Class>
   
   <Class name="wt.workflow.notebook.Bookmark">
      <Include name="wt.fc.Persistable"/>
      <Include name="wt.inf.container.WTContained"/>
      <Include name="wt.ownership.Ownable"/>
      <Attribute id="creator" schemaId="creator.name"/>
      <Attribute id="description"/>
      <Attribute id="modifier" schemaId="modifier.name"/>
      <Attribute id="name"/>
   </Class>

   <Class name="wt.workflow.work.WorkItem">
      <Include name="wt.fc.Persistable"/>
      <Include name="wt.ownership.Ownable"/>
      <Attribute id="completedBy"/>
      <Attribute id="name"/>
      <Attribute id="reassigned" type="boolean"/>
      <Attribute id="required" type="boolean"/>
      <Attribute id="role" type="list" enumClass="wt.project.Role"/>
      <Attribute id="workItemStatus" schemaId="status" type="list" enumClass="wt.workflow.work.WfAssignmentState"/>
      <Attribute id="containerName"/>
      <Attribute id="workitem_pbolink"/> 
   </Class>

   <Class name="wt.content.DataFormat">
		<Include name="wt.fc.Persistable"/>
		<Attribute id="formatName" schemaId="formatName"/>
		<Attribute id="description"/>
   </Class>

    <Class name="wt.part.WTPartUsageLink">
        <Include name="wt.generic.GenericizableUsageLink"/>
        <Attribute id="cadSynchronized" type="list" enumClass="wt.part.SyncedWithCADStatus">
            <Label resource="com.ptc.cat.config.server.columnLabelsRB" key="CAD_SYNCHRONIED"/>
        </Attribute>
        <Attribute id="quantityAmount"/>
        <Attribute id="quantityUnit"/>
        <Attribute id="lineNumber"/>
        <Attribute id="findNumber"/>
        <Attribute id="traceCode" type="list" enumClass="wt.configuration.TraceCode"/>
        <Attribute id="referenceDesignatorRange">
            <Label resource="com.ptc.cat.config.server.columnLabelsRB" key="REFERENCE_DESIGNATOR"/>
        </Attribute>
        <Attribute id="optionRules">
            <Label resource="com.ptc.cat.config.server.columnLabelsRB" key="OPTION_RULES"/>
         </Attribute>
 	<Attribute id="occurrenceOptionRules">  
               <Label resource="com.ptc.cat.config.server.columnLabelsRB" key="OCCURRENCE_OPTION_RULES"/>  
        </Attribute>    
    
    </Class>

   <Class name="wt.generic.GenericizableUsageLink">
      <Attribute id="inclusionOption">
            <Label resource="com.ptc.cat.config.server.columnLabelsRB" key="INCLUSION_OPTION"/>      
      </Attribute>
      <Attribute id="quantityOption">
            <Label resource="com.ptc.cat.config.server.columnLabelsRB" key="QUANTITY_OPTION"/>      
      </Attribute>
      <Attribute id="reference">
            <Label resource="com.ptc.cat.config.server.columnLabelsRB" key="REFERENCE"/>      
      </Attribute>
   </Class>
   
   <Class name="wt.part.PartUsesOccurrence">
      <Attribute id="referenceDesignator"/>
      <Attribute id="quantityAmount">
         <Label resource="com.ptc.cat.config.server.columnLabelsRB" key="QUANTITY_AMOUNT"/>
      </Attribute>
      <Attribute id="buildStatus"/>
      <Attribute id="occurrenceMatrixLocation">
         <Label resource="com.ptc.cat.config.server.columnLabelsRB" key="LOCATION"/>
      </Attribute>
      <Attribute id="occurrenceOptionRules">
         <Label resource="com.ptc.cat.config.server.columnLabelsRB" key="OCCURRENCE_OPTION_RULES"/>
      </Attribute>      
   </Class>
   
   <Class name="wt.epm.build.EPMBuildRule">    
      <Attribute id="relPartEpmDocAssocType">
          <Label resource="com.ptc.windchill.enterprise.dsv.server.cfg.DsvColumnLabelsRB" key="ASSOC_TYPE"/>
      </Attribute>
   </Class>
    
   <Class name="wt.epm.build.EPMBuildHistory">    
      <Attribute id="relPartEpmDocAssocType">
          <Label resource="com.ptc.windchill.enterprise.dsv.server.cfg.DsvColumnLabelsRB" key="ASSOC_TYPE"/>
      </Attribute>
   </Class>

   <Class name="wt.epm.alternaterep.EPMDefinitionRule">
    <Attribute id="defRuleType">
     <Label resource="com.ptc.windchill.uwgm.cadx.caddoc.car.server.columnLabelsRB" key="RULE_TYPE"/>
    </Attribute>     
    <Attribute id="defRuleValue">
     <Label resource="com.ptc.windchill.uwgm.cadx.caddoc.car.server.columnLabelsRB" key="RULE_VALUE"/>
    </Attribute>     
    <Attribute id="order">
     <Label resource="com.ptc.windchill.uwgm.cadx.caddoc.car.server.columnLabelsRB" key="RULE_ORDER"/>
    </Attribute>     
    <Attribute id="created">
     <Label resource="com.ptc.windchill.uwgm.cadx.caddoc.car.server.columnLabelsRB" key="RULE_CREATION_TIME"/>
    </Attribute>     
   </Class>

   <Class name="wt.part.WTPartSubstituteLink">
	  <Attribute id="replacementType" /> 
   </Class>

   <Class name="wt.part.WTPartAlternateLink">
		<Attribute id="replacementType" /> 
   </Class>

   <Class name="wt.access.SecurityLabeled">
      <Attribute id="ALL_SECURITY_LABELS" />
   </Class>
   
   <Class name="com.ptc.windchill.enterprise.data.EnterpriseData">
      <Include name="wt.fc.Persistable"/>
      <Include name="wt.folder.Foldered"/>
      <Include name="wt.lifecycle.LifeCycleManaged"/>
      <Include name="wt.inf.container.WTContained"/>
      <Include name="wt.org.OrganizationOwned"/>      
      <Include name="wt.vc.Versioned"/>
      <Include name="wt.vc.wip.Workable"/>
      <Attribute id="name"/>
      <Attribute id="number"/>
      <Attribute id="description"/>
	  <Attribute id="view"/>
   </Class>
   
    <Class name="com.ptc.windchill.enterprise.data.PlantFunctionalData">
      <Include name="wt.fc.Persistable"/>
      <Include name="wt.lifecycle.LifeCycleManaged"/>
      <Include name="wt.inf.container.WTContained"/>
      <Include name="wt.org.OrganizationOwned"/>      
      <Include name="wt.vc.Versioned"/>
      <Include name="wt.vc.wip.Workable"/>
      <Attribute id="name"/>
      <Attribute id="number"/>
      <Attribute id="description"/>
   </Class>

    <Class name="wt.facade.persistedcollection.PersistedCollectable">
        <Attribute id="missingObjectStatus">
            <Label resource="com.ptc.windchill.replication.server.imp.missingRepObjectTargetResource"
                key="MISSING_OBJECT_STATUS_COLUMN_LABEL" />
        </Attribute>
    </Class>

</AvailableAttributes>
 
