<?xml version="1.0" encoding="UTF-8"?>
<!DOCTYPE EPMDocumentTemplate SYSTEM "standardX24.dtd">
<EPMDocumentTemplate>
   <EPMDocument>
      <ObjectID>
         <localId>TEMPLATE_A3_MERAK_SP</localId>
      </ObjectID>
      <ownerApplication>EPM</ownerApplication>
      <authoringApplication>UG</authoringApplication>
      <number>TEMPLATE_A3_MERAK_SP</number>
      <name>Drawing A3 (mm) (Spanish)</name>
      <CADName>A3-MERAK-SP.prt</CADName>
      <epmDocType>CADDRAWING</epmDocType>
      <authoringApplicationVersion>
         <versionNumber>23</versionNumber>
         <versionName>J-01</versionName>
      </authoringApplicationVersion>
      <derived>false</derived>
      <domainName>System</domainName>
      <folderPath>/System</folderPath>
      <contentItem>
         <contentId>ext/kb/cad_template_content/nx/hvac/A3-MERAK-EN.prt</contentId>
         <contentType>ApplicationData</contentType>
         <category>DRAWING</category>
         <fileName>{$CAD_NAME}</fileName>
         <role>PRIMARY</role>
      </contentItem>
      <externalTypeId>WCTYPE|wt.epm.EPMDocument|com.ptc.DefaultEPMDocument|com.ptc.DesignCADDoc|com.ptc.DesignCADDrw</externalTypeId>
   </EPMDocument>
</EPMDocumentTemplate>
