<?xml version="1.0" encoding="UTF-8"?>
<!DOCTYPE EPMDocumentTemplate SYSTEM "standardX24.dtd">
<EPMDocumentTemplate>
   <EPMDocument>
      <ObjectID>
         <localId>10_KB_CREO_PART_MM</localId>
      </ObjectID>
      <ownerApplication>EPM</ownerApplication>
      <authoringApplication>PROE</authoringApplication>
      <number>CREOTPRT_0002</number>
      <name>10 KB Creo Part mm</name>
	  <CADName>10_kb_creo_mm.prt</CADName>
	  <epmDocType>CADCOMPONENT</epmDocType>
	  <defaultUnit>ea</defaultUnit>
	  <collapsible>false</collapsible>
	  <genericType>standard</genericType>
	  <authoringApplicationVersion>
		<versionNumber>31</versionNumber>
		<versionName>L-05</versionName>
	  </authoringApplicationVersion>
	  <dbKeySize>99</dbKeySize>
	  <isVerified>true</isVerified>
	  <revisionNumber>589</revisionNumber>
	  <familyTableStatus>0</familyTableStatus>
	  <derived>false</derived>
	  <epmCADReferenceControl>
		<geomRestr>5</geomRestr>
		<isGeomRestrRecursive>false</isGeomRestrRecursive>
		<scope>0</scope>
		<violRestriction>0</violRestriction>
	  </epmCADReferenceControl>
	  <extentsValid>false</extentsValid>
	  <epmBoxExtents>
		<Ax>-0.2543301270189222</Ax>
		<Ay>-0.2543301270189222</Ay>
		<Az>-0.2543301270189222</Az>
		<Bx>0.2543301270189222</Bx>
		<By>0.2543301270189222</By>
		<Bz>0.2543301270189222</Bz>
	  </epmBoxExtents>
	  <domainName>/System</domainName>
	  <folderPath>/System</folderPath>
      <contentItem>
         <contentId>ext/kb/cad_template_content/creo/kb/10_kb_creo_mm.prt</contentId>
         <contentType>ApplicationData</contentType>
         <category>GENERAL</category>
         <fileName>{$CAD_NAME}</fileName>
         <role>PRIMARY</role>
      </contentItem>
      <externalTypeId>WCTYPE|wt.epm.EPMDocument|com.ptc.DefaultEPMDocument|com.ptc.DesignCADDoc</externalTypeId>
	  <businessFields>
    <businessField>
      <businessFieldID>
        <solution>WINDCHILL</solution>
        <namespace>
          <category>type</category>
          <name>com.ptc.DesignCADDoc</name>
        </namespace>
        <name>MC_CONFIG</name>
      </businessFieldID>
      <datatype>java.lang.String</datatype>
    </businessField>
    <businessField>
      <businessFieldID>
        <solution>WINDCHILL</solution>
        <namespace>
          <category>type</category>
          <name>com.ptc.DesignCADDoc</name>
        </namespace>
        <name>KB_THICKNESS</name>
      </businessFieldID>
      <datatype>com.ptc.core.meta.common.FloatingPoint</datatype>
      <value>0.0|14</value>
    </businessField>
    <businessField>
      <businessFieldID>
        <solution>WINDCHILL</solution>
        <namespace>
          <category>type</category>
          <name>com.ptc.DesignCADDoc</name>
        </namespace>
        <name>KB_WEIGHT</name>
      </businessFieldID>
      <datatype>com.ptc.core.meta.common.FloatingPoint</datatype>
      <value>0.0|14</value>
    </businessField>
    <businessField>
      <businessFieldID>
        <solution>WINDCHILL</solution>
        <namespace>
          <category>type</category>
          <name>com.ptc.DesignCADDoc</name>
        </namespace>
        <name>KB_SURFACE_STANDARDS</name>
      </businessFieldID>
      <datatype>java.lang.String</datatype>
      <value></value>
    </businessField>
    <businessField>
      <businessFieldID>
        <solution>WINDCHILL</solution>
        <namespace>
          <category>type</category>
          <name>com.ptc.DesignCADDoc</name>
        </namespace>
        <name>KB_DEPARTMENT</name>
      </businessFieldID>
      <datatype>java.lang.String</datatype>
      <value></value>
    </businessField>
    <businessField>
      <businessFieldID>
        <solution>WINDCHILL</solution>
        <namespace>
          <category>type</category>
          <name>com.ptc.DesignCADDoc</name>
        </namespace>
        <name>KB_BASIC_SIZE</name>
      </businessFieldID>
      <datatype>java.lang.String</datatype>
      <value></value>
    </businessField>
    <businessField>
      <businessFieldID>
        <solution>WINDCHILL</solution>
        <namespace>
          <category>type</category>
          <name>com.ptc.DesignCADDoc</name>
        </namespace>
        <name>KB_MATERIAL_ADDITIONAL</name>
      </businessFieldID>
      <datatype>java.lang.String</datatype>
      <value></value>
    </businessField>
    <businessField>
      <businessFieldID>
        <solution>WINDCHILL</solution>
        <namespace>
          <category>type</category>
          <name>com.ptc.DesignCADDoc</name>
        </namespace>
        <name>KB_VERIFIED_BY</name>
      </businessFieldID>
      <datatype>java.lang.String</datatype>
      <value></value>
    </businessField>
    <businessField>
      <businessFieldID>
        <solution>WINDCHILL</solution>
        <namespace>
          <category>type</category>
          <name>com.ptc.DesignCADDoc</name>
        </namespace>
        <name>KB_MATERIAL</name>
      </businessFieldID>
      <datatype>java.lang.String</datatype>
      <value>MAT0001000002</value>
    </businessField>
    <businessField>
      <businessFieldID>
        <solution>WINDCHILL</solution>
        <namespace>
          <category>type</category>
          <name>com.ptc.DesignCADDoc</name>
        </namespace>
        <name>KB_DESCRIPTION_NATIVE</name>
      </businessFieldID>
      <datatype>java.lang.String</datatype>
      <value>Native Description</value>
    </businessField>
    <businessField>
      <businessFieldID>
        <solution>WINDCHILL</solution>
        <namespace>
          <category>type</category>
          <name>com.ptc.DesignCADDoc</name>
        </namespace>
        <name>KB_PROJECT_ID</name>
      </businessFieldID>
      <datatype>java.lang.String</datatype>
      <value></value>
    </businessField>
    <businessField>
      <businessFieldID>
        <solution>WINDCHILL</solution>
        <namespace>
          <category>type</category>
          <name>com.ptc.DesignCADDoc</name>
        </namespace>
        <name>MC_MODE</name>
      </businessFieldID>
      <datatype>java.lang.String</datatype>
    </businessField>
    <businessField>
      <businessFieldID>
        <solution>WINDCHILL</solution>
        <namespace>
          <category>type</category>
          <name>com.ptc.DesignCADDoc</name>
        </namespace>
        <name>KB_REPLACES</name>
      </businessFieldID>
      <datatype>java.lang.String</datatype>
      <value></value>
    </businessField>
    <businessField>
      <businessFieldID>
        <solution>WINDCHILL</solution>
        <namespace>
          <category>type</category>
          <name>com.ptc.DesignCADDoc</name>
        </namespace>
        <name>KB_TOLERANCE</name>
      </businessFieldID>
      <datatype>java.lang.String</datatype>
      <value></value>
    </businessField>
    <businessField>
      <businessFieldID>
        <solution>WINDCHILL</solution>
        <namespace>
          <category>type</category>
          <name>com.ptc.DesignCADDoc</name>
        </namespace>
        <name>KB_NATIVE_LANGUAGE</name>
      </businessFieldID>
      <datatype>java.lang.String</datatype>
      <value>EN</value>
    </businessField>
    <businessField>
      <businessFieldID>
        <solution>WINDCHILL</solution>
        <namespace>
          <category>type</category>
          <name>com.ptc.DesignCADDoc</name>
        </namespace>
        <name>KB_RAW_PART_NUMBER</name>
      </businessFieldID>
      <datatype>java.lang.String</datatype>
      <value></value>
    </businessField>
    <businessField>
      <businessFieldID>
        <solution>WINDCHILL</solution>
        <namespace>
          <category>type</category>
          <name>com.ptc.DesignCADDoc</name>
        </namespace>
        <name>KB_PART_CATEGORY</name>
      </businessFieldID>
      <datatype>java.lang.String</datatype>
      <value>3</value>
    </businessField>
    <businessField>
      <businessFieldID>
        <solution>WINDCHILL</solution>
        <namespace>
          <category>type</category>
          <name>com.ptc.DesignCADDoc</name>
        </namespace>
        <name>KB_WEIGHT_TYPE</name>
      </businessFieldID>
      <datatype>java.lang.String</datatype>
      <value>CAL</value>
    </businessField>
    <businessField>
      <businessFieldID>
        <solution>WINDCHILL</solution>
        <namespace>
          <category>type</category>
          <name>com.ptc.DesignCADDoc</name>
        </namespace>
        <name>KB_EXPANDED_TEXT</name>
      </businessFieldID>
      <datatype>java.lang.String</datatype>
      <value></value>
    </businessField>
    <businessField>
      <businessFieldID>
        <solution>WINDCHILL</solution>
        <namespace>
          <category>type</category>
          <name>com.ptc.DesignCADDoc</name>
        </namespace>
        <name>KB_MANUFACTURED_FROM</name>
      </businessFieldID>
      <datatype>java.lang.String</datatype>
      <value></value>
    </businessField>
    <businessField>
      <businessFieldID>
        <solution>WINDCHILL</solution>
        <namespace>
          <category>type</category>
          <name>com.ptc.DesignCADDoc</name>
        </namespace>
        <name>KB_GEKLA</name>
      </businessFieldID>
      <datatype>java.lang.String</datatype>
      <value>664A</value>
    </businessField>
    <businessField>
      <businessFieldID>
        <solution>WINDCHILL</solution>
        <namespace>
          <category>type</category>
          <name>com.ptc.DesignCADDoc</name>
        </namespace>
        <name>KB_RELEASED_BY</name>
      </businessFieldID>
      <datatype>java.lang.String</datatype>
      <value></value>
    </businessField>
    <businessField>
      <businessFieldID>
        <solution>WINDCHILL</solution>
        <namespace>
          <category>type</category>
          <name>com.ptc.DesignCADDoc</name>
        </namespace>
        <name>KB_VERIFIED_DATE</name>
      </businessFieldID>
      <datatype>java.lang.String</datatype>
      <value></value>
    </businessField>
    <businessField>
      <businessFieldID>
        <solution>WINDCHILL</solution>
        <namespace>
          <category>type</category>
          <name>com.ptc.DesignCADDoc</name>
        </namespace>
        <name>KB_ARTICLE_NUM</name>
      </businessFieldID>
      <datatype>java.lang.String</datatype>
      <value></value>
    </businessField>
    <businessField>
      <businessFieldID>
        <solution>WINDCHILL</solution>
        <namespace>
          <category>type</category>
          <name>com.ptc.DesignCADDoc</name>
        </namespace>
        <name>KB_FINISHING</name>
      </businessFieldID>
      <datatype>java.lang.String</datatype>
      <value></value>
    </businessField>
    <businessField>
      <businessFieldID>
        <solution>WINDCHILL</solution>
        <namespace>
          <category>type</category>
          <name>com.ptc.DesignCADDoc</name>
        </namespace>
        <name>KB_DESCRIPTION_EN</name>
      </businessFieldID>
      <datatype>java.lang.String</datatype>
      <value>English Description</value>
    </businessField>
    <businessField>
      <businessFieldID>
        <solution>WINDCHILL</solution>
        <namespace>
          <category>type</category>
          <name>com.ptc.DesignCADDoc</name>
        </namespace>
        <name>KB_MATERIAL_PRIMARY</name>
      </businessFieldID>
      <datatype>java.lang.String</datatype>
      <value>Aluminum_2014</value>
    </businessField>
    <businessField>
      <businessFieldID>
        <solution>WINDCHILL</solution>
        <namespace>
          <category>type</category>
          <name>com.ptc.DesignCADDoc</name>
        </namespace>
        <name>KB_ORDER_NUM</name>
      </businessFieldID>
      <datatype>java.lang.String</datatype>
      <value></value>
    </businessField>
    <businessField>
      <businessFieldID>
        <solution>WINDCHILL</solution>
        <namespace>
          <category>type</category>
          <name>com.ptc.DesignCADDoc</name>
        </namespace>
        <name>KB_CREATED_BY</name>
      </businessFieldID>
      <datatype>java.lang.String</datatype>
      <value></value>
    </businessField>
    <businessField>
      <businessFieldID>
        <solution>WINDCHILL</solution>
        <namespace>
          <category>type</category>
          <name>com.ptc.DesignCADDoc</name>
        </namespace>
        <name>KB_CHANGE_TEXT</name>
      </businessFieldID>
      <datatype>java.lang.String</datatype>
      <value></value>
    </businessField>
    <businessField>
      <businessFieldID>
        <solution>WINDCHILL</solution>
        <namespace>
          <category>type</category>
          <name>com.ptc.DesignCADDoc</name>
        </namespace>
        <name>KB_REPLACED_BY</name>
      </businessFieldID>
      <datatype>java.lang.String</datatype>
      <value></value>
    </businessField>
    <businessField>
      <businessFieldID>
        <solution>WINDCHILL</solution>
        <namespace>
          <category>type</category>
          <name>com.ptc.DesignCADDoc</name>
        </namespace>
        <name>KB_SURFACE</name>
      </businessFieldID>
      <datatype>java.lang.String</datatype>
      <value></value>
    </businessField>
    <businessField>
      <businessFieldID>
        <solution>WINDCHILL</solution>
        <namespace>
          <category>type</category>
          <name>com.ptc.DesignCADDoc</name>
        </namespace>
        <name>KB_DATE_FORMAT</name>
      </businessFieldID>
      <datatype>java.lang.String</datatype>
      <value>dd.MM.yy</value>
    </businessField>
    <businessField>
      <businessFieldID>
        <solution>WINDCHILL</solution>
        <namespace>
          <category>type</category>
          <name>com.ptc.DesignCADDoc</name>
        </namespace>
        <name>KB_WEIGHT_CALCULATED</name>
      </businessFieldID>
      <datatype>com.ptc.core.meta.common.FloatingPoint</datatype>
      <value>0.0|14</value>
    </businessField>
    <businessField>
      <businessFieldID>
        <solution>WINDCHILL</solution>
        <namespace>
          <category>type</category>
          <name>com.ptc.DesignCADDoc</name>
        </namespace>
        <name>KB_FOREIGN_ARTICLE_NUM</name>
      </businessFieldID>
      <datatype>java.lang.String</datatype>
      <value></value>
    </businessField>
    <businessField>
      <businessFieldID>
        <solution>WINDCHILL</solution>
        <namespace>
          <category>type</category>
          <name>com.ptc.DesignCADDoc</name>
        </namespace>
        <name>KB_WM_IS_ASSEMBLY</name>
      </businessFieldID>
      <datatype>java.lang.Boolean</datatype>
    </businessField>
    <businessField>
      <businessFieldID>
        <solution>WINDCHILL</solution>
        <namespace>
          <category>type</category>
          <name>com.ptc.DesignCADDoc</name>
        </namespace>
        <name>KB_MATERIAL_STANDARD</name>
      </businessFieldID>
      <datatype>java.lang.String</datatype>
      <value></value>
    </businessField>
    <businessField>
      <businessFieldID>
        <solution>WINDCHILL</solution>
        <namespace>
          <category>type</category>
          <name>com.ptc.DesignCADDoc</name>
        </namespace>
        <name>KB_TYPE_DESIGNATION</name>
      </businessFieldID>
      <datatype>java.lang.String</datatype>
      <value></value>
    </businessField>
    <businessField>
      <businessFieldID>
        <solution>WINDCHILL</solution>
        <namespace>
          <category>type</category>
          <name>com.ptc.DesignCADDoc</name>
        </namespace>
        <name>KB_ADDIT_TEXT</name>
      </businessFieldID>
      <datatype>java.lang.String</datatype>
      <value></value>
    </businessField>
    <businessField>
      <businessFieldID>
        <solution>WINDCHILL</solution>
        <namespace>
          <category>type</category>
          <name>com.ptc.DesignCADDoc</name>
        </namespace>
        <name>MODEL_CHECK</name>
      </businessFieldID>
      <datatype>java.lang.String</datatype>
    </businessField>
    <businessField>
      <businessFieldID>
        <solution>WINDCHILL</solution>
        <namespace>
          <category>type</category>
          <name>com.ptc.DesignCADDoc</name>
        </namespace>
        <name>KB_NUM_OF_PAGES</name>
      </businessFieldID>
      <datatype>java.lang.Long</datatype>
      <value>1</value>
    </businessField>
    <businessField>
      <businessFieldID>
        <solution>WINDCHILL</solution>
        <namespace>
          <category>type</category>
          <name>com.ptc.DesignCADDoc</name>
        </namespace>
        <name>MC_ERRORS</name>
      </businessFieldID>
      <datatype>java.lang.Long</datatype>
    </businessField>
    <businessField>
      <businessFieldID>
        <solution>WINDCHILL</solution>
        <namespace>
          <category>type</category>
          <name>com.ptc.DesignCADDoc</name>
        </namespace>
        <name>KB_CHANGE_INDEX</name>
      </businessFieldID>
      <datatype>java.lang.String</datatype>
      <value></value>
    </businessField>
    <businessField>
      <businessFieldID>
        <solution>WINDCHILL</solution>
        <namespace>
          <category>type</category>
          <name>com.ptc.DesignCADDoc</name>
        </namespace>
        <name>KB_ORIGIN</name>
      </businessFieldID>
      <datatype>java.lang.String</datatype>
      <value></value>
    </businessField>
    <businessField>
      <businessFieldID>
        <solution>WINDCHILL</solution>
        <namespace>
          <category>type</category>
          <name>com.ptc.DesignCADDoc</name>
        </namespace>
        <name>KB_DRW_NUM</name>
      </businessFieldID>
      <datatype>java.lang.String</datatype>
      <value></value>
    </businessField>
    <businessField>
      <businessFieldID>
        <solution>WINDCHILL</solution>
        <namespace>
          <category>type</category>
          <name>com.ptc.DesignCADDoc</name>
        </namespace>
        <name>KB_ARTICLE_NUM_OF_ASM</name>
      </businessFieldID>
      <datatype>java.lang.String</datatype>
      <value></value>
    </businessField>
    <businessField>
      <businessFieldID>
        <solution>WINDCHILL</solution>
        <namespace>
          <category>type</category>
          <name>com.ptc.DesignCADDoc</name>
        </namespace>
        <name>KB_CREATED_DATE</name>
      </businessFieldID>
      <datatype>java.lang.String</datatype>
      <value></value>
    </businessField>
    <businessField>
      <businessFieldID>
        <solution>WINDCHILL</solution>
        <namespace>
          <category>type</category>
          <name>com.ptc.DesignCADDoc</name>
        </namespace>
        <name>KB_SUITABLE_FOR</name>
      </businessFieldID>
      <datatype>java.lang.String</datatype>
      <value></value>
    </businessField>
    <businessField>
      <businessFieldID>
        <solution>WINDCHILL</solution>
        <namespace>
          <category>type</category>
          <name>com.ptc.DesignCADDoc</name>
        </namespace>
        <name>KB_ADDIT_TEXT_EN</name>
      </businessFieldID>
      <datatype>java.lang.String</datatype>
      <value></value>
    </businessField>
    <businessField>
      <businessFieldID>
        <solution>WINDCHILL</solution>
        <namespace>
          <category>type</category>
          <name>com.ptc.DesignCADDoc</name>
        </namespace>
        <name>KB_WEIGHT_UNIT</name>
      </businessFieldID>
      <datatype>java.lang.String</datatype>
      <value>kg</value>
    </businessField>
    <businessField>
      <businessFieldID>
        <solution>WINDCHILL</solution>
        <namespace>
          <category>type</category>
          <name>com.ptc.DesignCADDoc</name>
        </namespace>
        <name>KB_RELEASED_DATE</name>
      </businessFieldID>
      <datatype>java.lang.String</datatype>
      <value></value>
    </businessField>
    <businessField>
      <businessFieldID>
        <solution>WINDCHILL</solution>
        <namespace>
          <category>type</category>
          <name>com.ptc.DesignCADDoc</name>
        </namespace>
        <name>MC_VERIFIED</name>
      </businessFieldID>
      <datatype>java.lang.Boolean</datatype>
    </businessField>
    <businessField>
      <businessFieldID>
        <solution>WINDCHILL</solution>
        <namespace>
          <category>type</category>
          <name>com.ptc.DesignCADDoc</name>
        </namespace>
        <name>KB_INTERNAL_REVISION</name>
      </businessFieldID>
      <datatype>java.lang.String</datatype>
      <value>A</value>
    </businessField>
    <businessField>
      <businessFieldID>
        <solution>WINDCHILL</solution>
        <namespace>
          <category>type</category>
          <name>com.ptc.DesignCADDoc</name>
        </namespace>
        <name>KB_SUPPLIER</name>
      </businessFieldID>
      <datatype>java.lang.String</datatype>
      <value></value>
    </businessField>
    <businessField>
      <businessFieldID>
        <solution>WINDCHILL</solution>
        <namespace>
          <category>type</category>
          <name>com.ptc.DesignCADDoc</name>
        </namespace>
        <name>KB_PHANTOM</name>
      </businessFieldID>
      <datatype>java.lang.Boolean</datatype>
      <value>false</value>
    </businessField>
    <businessField>
      <businessFieldID>
        <solution>WINDCHILL</solution>
        <namespace>
          <category>type</category>
          <name>com.ptc.DesignCADDoc</name>
        </namespace>
        <name>KB_TRANSLATION_ID</name>
      </businessFieldID>
      <datatype>java.lang.String</datatype>
    </businessField>
    <businessField>
      <businessFieldID>
        <solution>WINDCHILL</solution>
        <namespace>
          <category>type</category>
          <name>com.ptc.DesignCADDoc</name>
        </namespace>
        <name>KB_SUPPL_TEXT</name>
      </businessFieldID>
      <datatype>java.lang.String</datatype>
      <value></value>
    </businessField>
    <businessField>
      <businessFieldID>
        <solution>WINDCHILL</solution>
        <namespace>
          <category>type</category>
          <name>com.ptc.DesignCADDoc</name>
        </namespace>
        <name>KB_LANGUAGE</name>
      </businessFieldID>
      <datatype>java.lang.String</datatype>
      <value>EN</value>
    </businessField>
  </businessFields>
  <isMissingDependents>false</isMissingDependents>
  <AdHocACLEntrySet></AdHocACLEntrySet>
  <SecurityLabels></SecurityLabels>
  <TemplatedTemplate>true</TemplatedTemplate>
  <EnabledTemplate>false</EnabledTemplate>
   </EPMDocument>
</EPMDocumentTemplate>

