<?xml version="1.0"?>
<!DOCTYPE NmLoader SYSTEM "standardX20.dtd">
<NmLoader>
<!-- *********BELOW IS FOR WT PART********* -->
	<csvExportDefinition handler="com.ptc.core.lwc.server.TypeDefinitionExporter.beginExportDefinition">
		<csvtoLocation>/opt/ptc/wt111/windchill/datamodelexport</csvtoLocation>
		<csvtoFileName>allbasedefinitions.xml</csvtoFileName>
		<csvexportDefClass>ALL_BASE_DEFINITIONS</csvexportDefClass>
		<csvexportNames>ALL_BASE_DEFINITIONS</csvexportNames>
		<csvmode>0</csvmode>
		<csvdebug>true</csvdebug>
        <csvExportAncestorTypes>false</csvExportAncestorTypes>
	</csvExportDefinition>
		<csvExportDefinition handler="com.ptc.core.lwc.server.TypeDefinitionExporter.beginExportDefinition">
		<csvtoLocation>/opt/ptc/wt111/windchill/datamodelexport</csvtoLocation>
		<csvtoFileName>fulldefinitions.xml</csvtoFileName>
		<csvexportDefClass>com.ptc.core.lwc.server.LWCTypeDefinition</csvexportDefClass>
		<csvexportNames></csvexportNames>
		<csvmode>0</csvmode>
		<csvdebug>false</csvdebug>
        <csvExportAncestorTypes>false</csvExportAncestorTypes>
	</csvExportDefinition>
</NmLoader>