<?xml version="1.0" encoding="UTF-8"?>
<!DOCTYPE actionmodels SYSTEM "actionmodels.dtd">

<actionmodels>

<!-- wt 11.1 orig, file: PartClient-actionmodels.xml -->
   <model name="third_level_nav_part">
      <submodel name="general"/>                            <!-- General -->
      <submodel name="relatedItems"/>                       <!-- Related Objects -->
      <submodel name="changes"/>                            <!-- Change -->
      <submodel name="history"/>                            <!-- History -->
      <submodel name="collaboration"/>                      <!-- Collaboration -->
      <submodel name="prodAnalytics"/>                      <!-- Product Analytics -->
      <!-- <submodel name="security3rdnav"/> removed -->
      <submodel name="configLinks"/>
      <submodel name="thingworxCustomizeMenu"/>
      <submodel name="quality"/>                      <!-- Quality Objects -->
      <submodel name="configLinkCustomizationsKb"/>   <!-- added -->
   </model>
<!-- done -->
   
<!-- wt 11.1 orig, file: PartClient-actionmodels.xml -->
   <model name="partInfoPageTabSet" resource="com.ptc.core.ui.navigationRB">
     <submodel name="partInfoDetailsTab"/>
     <action name="productStructureGWT" type="psb"/>
     <!-- <submodel name="partInfoContentTab"/> removed -->
     <submodel name="partInfoRelatedItemsTab"/>
     <submodel name="changesTab"/>
     <submodel name="partInfoHistoryTab"/>
     <submodel name="partInfoWhereUsedTab"/>
     <submodel name="requirementTraceabilityTab" />
     <submodel name="amlAvlTab" />
     <submodel name="prodAnalyticsTab" />
     <!-- <action name="udiSubmissionsTable" type="udi"/> removed -->
     <submodel name="kbRefInfoTab" />
   </model>
<!-- done -->

<!-- Attachment action models copied to add new action model for the attachment toolbar INC-244985 -->
	<model name="attachments readonly table toolbar actions">
        <action name="download_selected_attachments" type="attachments" shortcut="true"/>
        <action name="separator" type="separator" shortcut="true"/>
        <action name="edit_attachments" type="attachments" shortcut="true"/>
		<action name="addAttachmentWithoutCheckout" type="document" shortcut="true"/>
        <action name="editModifyContentOnly" type="changeable" shortcut="true"/>
        <action name="editAttachmentsOnly" type="qms" shortcut="true"/>
		
    </model>

<!-- wt 11.1 orig, file: PartClient-actionmodels.xml -->
   <model name="more parts actions" menufor="wt.part.WTPart">
       <action name="view" type="object"/>                             <!-- View Information -->
       <action name="separator" type="separator"/>                     <!-- ===================================== -->
       <submodel name="thingworxActionsMenu"/>
       <action name="separator" type="separator"/>                     <!-- ===================================== -->
       <submodel name="more parts toolbar actions open"/>
       <action name="separator" type="separator"/>                     <!-- ===================================== -->
       <action name="checkin" type="wip"/>                             <!-- Check In -->
       <action name="WFCHECKIN" type="pdmObject"/>                     <!-- Check In for new objects in workspace or objects checked out to workspace-->
       <action name="checkout" type="wip"/>                            <!-- Check Out -->
       <action name="WFRMBCHECKOUT" type="pdmObject" />                <!-- checkout for rmb menu on workspace listing page -->
       <action name="checkoutAndEdit" type="part"/>                    <!-- Check Out and Edit -->
       <action name="undocheckout" type="object"/>                     <!-- Undo Checkout -->
       <action name="WFCANCELCHECKOUT" type="pdmObject"/>              <!-- Undo Checkout for objects checked out to workspace-->
       <action name="edit" type="part"/>                               <!-- Edit -->
       <action name="editNewPartInWorkspace" type="part"/>             <!-- Edit newly created part in a workspace -->
       <action name="editCheckedOutPartInWorkspace" type="part"/>      <!-- Edit part checked out to a workspace -->
       <action name="editPartCommonAttrsWizard" type="part"/>          <!-- Edit Common Attributes -->
       <action name="REVISEITEMS" type="pdmObject"/>                   <!-- Revise -->
	   <action name="changeArticleType" type="part"/>                   <!-- Change Article Type -->
	   <action name="createAdditionalSystemBom" type="part"/>           <!-- Create Additional System BOM -->	 	   
       <action name="separator" type="separator"/>
       <action name="fulfillChangeActions" type="effectivity"/>        <!-- FulfillChangeActions -->
       <action name="undoFulfillDesignSolutionInfoPage" type="effectivity"/>      <!-- Undo Fulfill Change Action -->
       <action name="GenerateChangeActions" type="effectivity"/>       <!-- Generate Change Actions for CI -->
       <action name="displayEffectivityLog" type="effectivity"/>       <!-- Display Effectivity Log -->
       <action name="separator" type="separator"/>                     <!-- ===================================== -->
       <submodel name="more parts toolbar actions new"/>                       <!-- New ==> -->
       <action name="separator" type="separator"/>                     <!-- ===================================== -->
       <action name="traceability" type="traceable"/>
       <action name="separator" type="separator"/>                     <!-- ===================================== -->

	   <!-- removed -->
       <!-- <action name="assignItemOptionality" type="optionality"/>           -->  <!-- Assign Expression -->
       <!-- <action name="viewAssignedExpression" type="expressionAssignable"/> --> <!-- View Assign Expression -->
       <!-- <action name="copyAssignedExpression" type="expressionAssignable"/> --> <!-- Copy Independent Expression -->

	   <!-- added -->
       <action name="editItemOptionRules" type="filterTemplate"/>      <!-- Assign Item Choices -->

       <action name="configure" type="variantspec"/>                   <!-- Configure -->
       <submodel name="advanced logic actions"/>                        <!-- Advanced Logic -->
       <action name="findVariants" type="variant"/>                    <!-- Find Variants -->
       <action name="mergeOptionsSets" type="part" />                  <!-- ato merge option sets -->
       <action name="separator" type="separator"/>                     <!-- ===================================== -->
       <action name="copy" type="object"/>                             <!-- Copy -->
       <action name="WFSAVEAS" type="pdmObject"/>                      <!-- Save As -->
	   <action name="findSimilar" type="partslink"/>         		   <!-- Find similar parts -->
       <action name="createSupersedeWithExistingWizard"
               type="supersede"/>                                      <!-- Supersede with Existing -->
       <action name="createSupersedeWithNew" type="supersede"/>        <!-- Supersede with New -->
       <action name="MULTIRENAME" type="pdmObject"/>               <!-- Rename -->
       <action name="route" type="workflow"/>                          <!-- Route -->
       <action name="CONTAINERMOVE" type="pdmObject"/>                 <!-- Move -->
       <action name="SETSTATE" type="pdmObject"/>                      <!-- Set State -->
       <action name="EXPORT" type="pdmObject"/>                        <!-- Export (PDMLink) -->
       <action name="export" type="object"/>                           <!-- Export (ProjectLink) -->

	   <!-- removed -->
       <!-- <action name="spreadsheetExport" type="ixb"/>  -->         <!-- Export List to Importable Spreadsheet -->

       <action name="MULTI_OBJ_DELETE" type="pdmObject"/>              <!-- Delete (Non-Information page) -->
       <action name="MULTI_OBJ_DELETE_DETAILS" type="pdmObject"/>      <!-- Delete (Information page) -->
       <action name="deleteIterations" type="object"/>                 <!-- Delete Non-latest Iterations -->
       <action name="reassignLC" type="lifecycle"/>                    <!-- Reassign Life Cycle -->

	   <!-- added -->
       <action name="exportPartToDownStreamSystems" type="part"/>      <!-- Export Part To KMP and Cadim -->
       <action name="exportBomToDownstreamSystems" type="part"/>       <!-- Export Bom To KMP and Cadim -->
       <action name="exportProjectItemsToDownstreamSystems" type="part"/>       <!-- Export Project Items Part & BOM To KMP and Cadim -->
       
	   <action name="separator" type="separator"/>                     <!-- ===================================== -->
       <!--  <submodel name="more_export_to_sap_part_actions_add"/>          Export to SAP ==> -->
       <action name="separator" type="separator"/>                     <!-- ===================================== -->

       <action name="resetTeam" type="team"/>                          <!-- Reset Team -->
       <action name="assignView" type="part"/>                         <!-- Reassign View -->

	   <!-- removed -->
       <!-- <action name="publishToCAD" type="part"/>                       Publish to CAD -->

       <action name="publishARExperience" type="arpublish" />          <!-- Publish AR Experience -->			
       <action name="separator" type="separator"/>                     <!-- ===================================== -->
       <action name="WFDOWNLOAD" type="epmdocument"/>                           <!-- Add to Workspace -->
       <submodel name="more parts toolbar actions add"/>               <!-- Add ==> -->
       <action name="separator" type="separator"/>                     <!-- ===================================== -->
       <action name="SBSendToPdm" type="sandbox"/>                     <!-- Send to PDM -->
       <action name="sandboxCheckoutShare" type="object"/>             <!-- Convert to PDM Checkout -->
       <action name="sandboxUndoCheckoutDetails" type="object"/>       <!-- Undo PDM Checkout (Information Page) -->
       <action name="removeShare" type="object"/>                      <!-- Remove Share -->
       <action name="convertToShare" type="sandbox"/>                  <!-- Convert to Share -->
       <action name="updateShare" type="sandbox"/>                     <!-- Update Selected Shares -->
       <action name="separator" type="separator"/>                     <!-- ===================================== -->
       <action name="markLinkAsSuspect" type="requirement"/>           <!-- Mark Link As Suspect -->
       <action name="separator" type="separator"/>                     <!-- ===================================== -->
       <action name="associateDistributionTarget" type="tgt"/>         <!-- ESI Associate distribution Targets (JCA action) -->
       <action name="sendToDistributionTarget" type="tgt"/>            <!-- ESI Send to Distribution Target -->
       <action name="sendEnterpriseDataToDistributionTarget"
               type="tgt"/>                                            <!-- ESI Send Enterprise Data to Distribution Target -->
       <action name="erpInfo" type="esi"/>                             <!-- ERP Part Details -->

	   <!-- removed -->
       <!-- <action name="viewShopOrdersInfo" type="esi"/>                  ESI View Shop Order Count -->
	   
       <action name="separator" type="separator"/>                     <!-- ===================================== -->
       <submodel name="more parts actions compare"/>                   <!-- Compare ==> -->
       <action name="separator" type="separator"/>                     <!-- ===================================== -->
       <action name="batchPrint" type="wvs"/>                          <!-- Severside batchprint using WVS -->
       <action name="separator" type="separator"/>                     <!-- ===================================== -->
       <action name="DISPLAYRELATEDMANUFACTURINGITEMS" type="object"/> <!-- MPMLink Display Related Manufacturing items report -->
       <action name="separator" type="separator"/>                     <!-- ===================================== -->

	   <!-- added -->
       <action name="openInENorm" type="part"/>

	   <!-- Add "Edit Localizable Properties (M020)-->                            <!-- Edit Localizable Properties (M020)-->
	   <submodel name="wsl_submenu" />

       <action name="ManageSecurity" type="accessPermission"/>         <!-- Edit Access Control-->
       <action name="EDITSECURITYLABELS" type="object"/>               <!-- Edit Security Labels-->
       <action name="createSubscription" type="subscription"/>         <!-- Subscribe -->
       <action name="separator" type="separator" />                    <!-- ===================================== -->
       <action name="manageApplicabilityGWT" type="corestruct"/>       <!-- Manage Applicability Dialog -->
       <action name="separator" type="separator"/>
       <action name="track_new_work" type="resourceAssignment" /><!-- Track new Work against subject of deliverable-->
       <action name="new_plan_activity" type="planActivity" /><!-- New Plan Activity against subject -->      
   </model>
<!-- done -->

<!-- wt 11.1 orig, file: DocumentManagement-actionmodels.xml -->
   <!-- replaced -->
   <!-- <model name="third_level_nav_doc" defaultActionName="iterationHistory" defaultActionType="history"> -->
   <model name="third_level_nav_doc">
       <submodel name="general"/>
       <submodel name="relatedItems"/>
       <submodel name="changes"/>
       <submodel name="history"/>
       <submodel name="collaboration"/>
       <submodel name="security3rdnav"/>                <!-- Security -->
       <submodel name="configLinks"/>
	   
	   <!-- added -->
       <submodel name="configLinkCustomizationsKb"/>         <!-- KB: Custom configurable links -->

       <submodel name="thingworxCustomizeMenu"/>
       <submodel name="quality"/>
   </model>
<!-- done -->

<!-- wt 11.1 orig, file: DocumentManagement-actionmodels.xml -->
  <model name="docInfoPageTabSet" resource="com.ptc.core.ui.navigationRB">
       <submodel name="docInfoDefaultDetails"/>
            <action name="docStructureGWT" type="docsb"/>
         <submodel name="docContentInfoDetails"/>
                 <submodel name="docRelatedObjectsInfo"/>
                 <submodel name="changesTab"/>
         <submodel name="docObjectsHistoryTab"/>
         <submodel name="requirementTraceabilityTab"/>

	    <!-- added -->
        <submodel name="kbRefInfoTab" />
	    <submodel name="effectivityTab"/>
   </model>
<!-- done -->

<!-- wt 11.1 orig, file: DocumentManagement-actionmodels.xml -->
     <model name="docRelatedObjectsInfo" resourceBundle="com.ptc.windchill.enterprise.doc.documentResource">
        <action name="whereUsed" type="object"/>

        <!-- added -->
		<action name="parentObjectsTable_KBVariantLink" type="object" resourceBundle="ext.kb.resources.KBConfigurableLinkRB"/>
		<action name="childObjectsTable_KBVariantLink" type="object" resourceBundle="ext.kb.resources.KBConfigurableLinkRB"/>
		
        <action name="relatedDocumentsDocuments" type="document"/>
        <action name="relatedDocumentsReferencedBy" type="document"/>
        <action name="relatedDocumentsParts" type="document"/>
        <action name="distributionList" type="tgt"/>
        <action name="missingObjectsTable" type="persistedCollectable" />

        <!-- added -->
		<action name="publishedContent" type="object"/>

     <!-- place holder until defaults are provided -->
     </model>
<!-- done -->

<!-- wt 11.1 orig, file: DocumentManagement-actionmodels.xml -->
      <model name="docs row actions toolbar" menufor="wt.doc.WTDocument">
         <action name="view" type="object"/>    <!-- Info page -->
         <action name="separator" type="separator"/>
         <submodel name="thingworxActionsMenu"/>
         <action name="separator" type="separator"/>
         <action name="download_primary_attachment" type="attachments"/>
         <action name="redirect_primary_attachment" type="attachments"/>
         <action name="separator" type="separator"/>
         <submodel name="docs row actions open"/>
         <action name="separator" type="separator"/>
         <action name="checkin" type="wip"/>       <!-- Check In -->
         <action name="checkin" type="clashDefinition"/> <!-- Enabled only if Clash Definition (replaces wip version) -->
         <action name="checkout" type="object"/>    <!-- Check Out -->
         <action name="checkout_and_download" type="wip"/>       <!-- Check Out and Download -->
         <action name="checkoutAndEdit" type="document"/>  <!-- Check Out and Edit -->
         <action name="checkoutAndEditClashJobDefinition" type="clashDefinition"/>  <!-- Check Out and Edit a Clash -->
         <action name="undocheckout" type="object"/>    <!-- Undo Checkout -->
         <action name="edit" type="document"/> <!-- Edit -->
         <action name="editClashJobDefinition" type="clashDefinition"/>  <!-- Edit a Clash -->
         <action name="viewClashJobDefinition" type="clashDefinition"/>  <!-- View a Clash -->
         <action name="submitClashJobDefinition" type="clashDefinition"/>
         <action name="replace_content" type="wip"/>       <!-- Replace Content -->
         <action name="REVISEITEMS" type="pdmObject"/> <!-- Revise -->

         <!-- added -->
		 <action name="addNewDocumentVariant"         type="document"/>    <!-- Add New Document Variant -->
		<action name="addAttachmentWithoutCheckout"         type="document"/>    <!-- Add Attachments without new IREV -->
		 <action name="convertToCad"         type="document"/>    <!-- Convert to CAD -->

         <action name="separator" type="separator"/>
         <submodel name="docs row actions new"/>
         <action name="separator" type="separator"/>
         <action name="copy" type="object"/>       <!-- Copy -->
         <action name="WFSAVEAS" type="pdmObject"/> <!-- Save As -->
         <action name="renameDocumentWizard" type="document"/>  <!-- doc specific Rename -->
         <action name="route" type="workflow"/>  <!-- Route ProjectLink -->
         <action name="CONTAINERMOVE" type="pdmObject"/> <!-- Move -->

         <!-- removed -->
         <!-- <action name="SETSTATE" type="pdmObject"/>  Set State -->
         <!-- <action name="emailPage" type="document"/>  email Page -->

         <!-- added -->
         <action name="setState"               type="lifecycle"/> <!-- Set State -->

         <action name="export" type="object"/>    <!-- Export ProjectLink -->
         <action name="EXPORT" type="pdmObject"/> <!-- Export PDMLink -->
         <action name="MULTI_OBJ_DELETE" type="pdmObject"/> <!-- Delete -->
         <action name="MULTI_OBJ_DELETE_DETAILS" type="pdmObject"/>  <!-- Delete -->
         <action name="deleteIterations" type="object"/>  <!-- Delete all old iterations -->
         <action name="reassignLC" type="lifecycle"/>    <!-- Reassign Life Cycle -->

		 <!-- added -->
    	 <action name="exportDocToDownStreamSystems" type="document"/> 			  <!-- KB: Custom MKP interfaces action -->

		<action name="resetTeam" type="team"/>      <!-- Reset Team -->
         <action name="disable" type="document"/>  <!-- Disable template -->
         <action name="enable" type="document"/>  <!-- Enable template -->
                 <action name="userInitiatedReplication" type="replication"/>    <!-- Use Initiated Replication -->
         <action name="separator" type="separator"/>
         <submodel name="docs row actions add"/>
         <action name="separator" type="separator"/>
         <action name="SBSendToPdm" type="sandbox"/>      <!-- Send to PDM -->
         <action name="sandboxUndoCheckoutDetails" type="object"/>  <!-- Undo PDM Checkout Details -->
         <action name="sandboxCheckoutShare" type="object"/>    <!-- PDM Checkout when shared -->
         <action name="convertToShare" type="sandbox"/>   <!-- Convert to Share -->
         <action name="removeShare" type="object"/>    <!-- Remove Share -->
         <action name="separator" type="separator"/>
         <submodel name="docs row actions compare"/>
         <action name="separator" type="separator"/>

		 <!-- removed -->
         <!-- <action name="DISPLAYRELATEDMANUFACTURINGITEMS" type="object"/>            MPMLink Display Related Manufacturing items report -->

         <action name="batchPrint" type="wvs"/>
         <action name="separator" type="separator"/>
         <action name="markLinkAsSuspect" type="requirement"/>
         <action name="separator" type="separator"/>
         <action name="RefreshAssociationsDB" type="SoftwareBuild"/>    <!-- Update Defect Associations -->
         <action name="separator" type="separator"/>                 <!-- ===================================== -->
         <action name="associateDistributionTarget" type="tgt"/>     <!-- ESI Associate Distribution Targets (JCA action) -->
         <action name="sendToDistributionTarget" type="tgt"/> <!-- ESI Send to Distribution Target -->
         <action name="separator" type="separator"/>                 <!-- ===================================== -->

		 <!-- removed -->
	     <!-- <includeFilter name="ActionFilterOnProject2State"/> -->

         <action name="ManageSecurity"     type="accessPermission"/> <!-- Edit Access Control -->
         <action name="EDITSECURITYLABELS" type="object"/>           <!-- Edit Security Labels -->                
         <action name="createSubscription" type="subscription"/>     <!-- Subscribe -->
         <action name="separator" type="separator" />                <!-- ===================================== -->
         <action name="manageApplicabilityGWT" type="corestruct"/>   <!-- Manage Applicability Dialog -->
         <action name="separator" type="separator"/>
         <action name="track_new_work" type="resourceAssignment" /><!-- Track new Work against subject of deliverable-->
         <action name="new_plan_activity" type="planActivity" /><!-- New Plan Activity against subject -->      
   </model>
<!-- done -->
 
<!-- wt 11.1 orig, file: UwgmCadx-actionmodels.xml -->
   <model name="third_level_nav_cad" defaultActionName="cadMoreAttributeTable" defaultActionType="object">
      <submodel name="generalCADDoc"/>
      <submodel name="relatedItemsCADDoc"/>
      <submodel name="changes"/>
      <submodel name="history"/>
      <submodel name="collaboration"/>
      <submodel name="security3rdnav"/>                <!-- Security -->

      <!-- added -->
	  <submodel name="configLinkCustomizationsKb"/>         <!-- KB: Custom configurable links -->

      <submodel name="thingworxCustomizeMenu"/>
   </model>
<!-- done -->

<!-- wt 11.1 orig, file: UwgmCadx-actionmodels.xml -->
    <model name="related_cadx" resourceBundle="com.ptc.core.ui.navigationRB">
      <action name="WHEREUSEDREPORT" type="object"/>
	  
      <!-- added -->
	  <action name="parentObjectsTable_KBVariantLink" type="object" resourceBundle="ext.kb.resources.KBConfigurableLinkRB"/>
	  <action name="childObjectsTable_KBVariantLink" type="object" resourceBundle="ext.kb.resources.KBConfigurableLinkRB"/>

      <action name="relatedParts" type="note"/>
      <action name="relatedBOM" type="note"/>
      <action name="CDPPRelatedPartsSubTemplate_WF" type="object"/>
      <action name="CDPPReference" type="object"/>
      <action name="distributionList" type="tgt"/>

      <!-- added -->
      <action name="publishedContent" type="object"/>
	  
      <action name="missingObjectsTable" type="persistedCollectable" />
    </model>
<!-- done -->

<!-- wt 11.1 orig, file: UwgmCadx-actionmodels.xml -->
   <model name="epmdocuments details page actions" menufor="wt.epm.EPMDocument">
      <action name="prepareTranslationPackage" type="translation"/>     <!-- Prepare Translation Package -->

      <!-- removed -->
      <!-- <action name="cancelTranslationPackage" type="translation"/>      Cancel Translation Package -->

      <action name="view" type="object"/>                               <!-- View Information -->
      <action name="reuseExistingTranslation" type="translation" />             <!-- Link Translations -->
      <action name="separator" type="separator"/>                       <!-- ===================== -->
      <submodel name="thingworxActionsMenu"/>
      <action name="separator" type="separator"/>                       <!-- ===================== -->
      <submodel name="epm docs actions open"/>                          <!-- Open In => -->
      <action name="separator" type="separator"/>                       <!-- ===================== -->

      <!-- removed -->
      <!-- <action name="OPEN_WITH" type="pdmObject"/>                       Open With -->
	  
      <action name="WFDOWNLOAD" type="epmdocument"/>                    <!-- Add To Workspace -->
      <submodel name="epm docs actions add"/>                           <!-- Add To => -->
      <action name="separator" type="separator"/>                       <!-- ===================== -->
      <action name="WFCHECKOUT" type="epmdocument"/>                    <!-- Check Out -->
      <action name="BOMNOTECHECKOUT" type="pdmObject"/>                 <!-- Check Out -->
      <action name="ManageDLD" type="pdmObject"/>                       <!-- Manage Design Local Directory -->
      <action name="WFCHECKIN" type="pdmObject"/>                       <!-- Check In -->
      <action name="BOMNOTECHECKIN" type="pdmObject"/>                  <!-- Check In -->
      <action name="ecadAdvancedCheckin" type="pdmObject"/>             <!-- Advanced Check In -->
      <action name="WFUPLOAD" type="pdmObject"/>                        <!-- Upload -->
      <action name="WFCANCELCHECKOUT" type="pdmObject"/>                <!-- Undo Check Out -->
      <action name="BOMNOTECANCELCHECKOUT" type="pdmObject"/>           <!-- Unco Check Out -->
      <action name="edit" type="note"/>                                 <!-- Edit -->
	  <action name="editCatalogues" type="epmdocument"/>     
      <action name="MULTIEDITATTR" type="pdmObject"/>                   <!-- Edit Attributes -->
      <action name="EDITATTACHMENTS" type="pdmObject"/>                 <!-- Edit Attachments -->
      <action name="separator" type="separator"/>                       <!-- ===================== -->
      <submodel name="edit ecad definitions"/>                          <!-- Edit Definitions => -->
      <action name="separator" type="separator"/>                       <!-- ===================== -->
      <action name="editRelationships" type="pdmObject"/>               <!-- Edit Relationships -->
      <action name="syncWithBoard" type="pdmObject"/>                   <!-- Synchronize with Board -->
      <action name="publishRepresentation" type="techPubs"/>            <!-- Publish Representation -->
      <action name="viewRepresentations" type="techPubs"/>              <!-- View Representations -->
      <action name="EDIT_CAR" type="epmdocument"/>                      <!-- Edit Design Context Definition -->
      <action name="updateImageDesignContext" type="epmdocument"/>      <!-- Update Image Design Context -->
      <action name="REFRESH_MEMBERS" type="epmdocument"/>               <!-- Refresh Members -->
      <action name="REVISEITEMS" type="pdmObject"/>                     <!-- Revise -->
	  
	  <!-- added -->
	  <action name="addNewDocumentVariant"    type="document"/>    <!-- Add New Document Variant -->
	  <action name="convertToTechnicalDrawing"         type="epmdocument"/>    <!-- Convert to Technical Drawing -->
      <action name="separator" type="separator"/>                       <!-- ===================== -->
      <action name="AUTO_ASSOCIATE" type="pdmObject"/>                  <!-- Auto Associate Parts -->
      <action name="EDITASSOCIATION" type="pdmObject"/>                 <!-- Edit Association -->
      <action name="WFBUILD" type="pdmObject"/>                         <!-- Build Associated Part -->

	  <!-- added -->
      <action name="neutral_data_generation" type="neutralDataGen"/>    <!-- Generate Neutral Data -->

      <action name="separator" type="separator"/>                       <!-- ===================== -->
      <submodel name="epm docs actions new"/>                           <!-- New => -->
      <action name="separator" type="separator"/>                       <!-- ===================== -->
      <action name="copy" type="object"/>                               <!-- Copy -->
      <action name="WFSAVEAS" type="pdmObject"/>                        <!-- Save As -->
      <action name="MULTIRENAME" type="pdmObject"/>                     <!-- Rename -->
      <action name="route" type="workflow"/>                            <!-- Route -->
      <action name="CONTAINERMOVE" type="pdmObject"/>                   <!-- Move -->
      <action name="SETSTATE" type="pdmObject"/>                        <!-- Set State -->
      <action name="export" type="object"/>                             <!-- Export -->
      <action name="WSEXPORT" type="pdmObject"/>                        <!-- Export from Workspace -->
      <action name="ADDPLACEHOLDER" type="pdmObject"/>                  <!-- Add Place Holder -->
      <action name="REPLACEMISSDEP" type="pdmObject"/>                  <!-- Replace -->
      <action name="MULTI_OBJ_DELETE" type="pdmObject"/>                <!-- Delete -->
      <action name="MULTI_OBJ_DELETE_DETAILS" type="pdmObject"/>        <!-- Delete -->

	  <!-- added -->
	  <action name="deleteIterations" type="object"/> 					<!-- Delete Non-latest Iterations -->

      <action name="resetTeam" type="team"/>                            <!-- Reset Team -->
      <action name="enableTemplate" type="note"/>                       <!-- Enable -->
      <action name="disableTemplate" type="note"/>                      <!-- Disable -->
      <action name="userInitiatedReplication"   type="replication"/>    <!-- Use Initiated Replication -->
      <action name="reassignLC" type="lifecycle"/>                      <!-- Reassign Life Cycles -->
      <action name="publishARExperience" type="arpublish" />            <!-- Publish AR Experience -->

      <!-- removed -->
      <!-- <action name="separator" type="separator"/>                       ===================== -->
      <!-- <action name="replaceAsSource" type="corestruct" />               Replace As Translation Source -->

      <action name="separator" type="separator"/>                       <!-- ===================== -->
      <action name="SBSendToPdm" type="sandbox"/>                       <!-- Send to PDM -->
      <action name="sandboxUndoCheckoutDetails" type="object"/>         <!-- Undo PDM Check Out -->
      <action name="updateShare" type="sandbox"/>                       <!-- Update -->
      <action name="sandboxCheckoutShare" type="object"/>               <!-- Convert To PDM Check Out -->
      <action name="convertToShare" type="sandbox"/>                    <!-- Convert to Share -->
      <action name="removeShare" type="object"/>                        <!-- Remove Share -->
      <action name="separator" type="separator"/>                       <!-- ===================== -->
      <submodel name="epm docs actions compare"/>                       <!-- Compare => -->
      <action name="separator" type="separator"/>                       <!-- ===================== -->
      <action name="batchPrint" type="wvs"/>                            <!-- Batch Print -->
      <action name="separator" type="separator"/>                       <!-- ===================== -->
      <action name="ecadImport" type="pdmObject"/>                      <!-- Import Data -->
      <action name="ecadUpdate" type="pdmObject"/>                      <!-- Generate Data -->
      <action name="variantBOMEditor" type="pdmObject"/>                <!-- Manage BOMs -->
      <action name="ViewHookDefinitions" type="pdmObject"/>             <!-- View Hook Definition -->
      <action name="ecadExport" type="pdmObject"/>                      <!-- Export Design Data -->
      <action name="ViewBOMFilterDefinitions" type="pdmObject"/>        <!-- View BOM Filter Definition-->
      <action name="ViewBOMDefinitions" type="pdmObject"/>              <!-- View BOM Attributes Mapping  -->
      <action name="viewContDef" type="pdmObject"/>                     <!-- View Content Definition -->
      <action name="separator" type="separator"/>                       <!-- ===================== -->
      <action name="listRepresentations" type="wvs"/>                   <!-- List Representations -->
      <action name="separator" type="separator"/>                       <!-- ===================================== -->
      <action name="associateDistributionTarget" type="tgt"/>           <!-- ESI Associate distribution Targets    -->
      <action name="sendToDistributionTarget" type="tgt"/>              <!-- ESI Send to distribution target-->
      <action name="separator" type="separator"/>                       <!-- ===================== -->
      <action name="ManageSecurity" type="accessPermission"/>           <!-- Edit Access Control-->
      <action name="EDITSECURITYLABELS" type="object"/>                 <!-- Edit Security Labels-->
      <action name="createSubscription" type="subscription"/>           <!-- Subscribe -->
      <action name="separator" type="separator" />                      <!-- ===================== -->
      <action name="manageApplicabilityGWT" type="corestruct"/>         <!-- Manage Applicability Dialog -->
      <action name="separator" type="separator"/>
      <action name="track_new_work" type="resourceAssignment" /><!-- Track new Work against subject of deliverable-->
      <action name="new_plan_activity" type="planActivity" /><!-- New Plan Activity against subject -->      
   </model>
<!-- done -->

<!-- wt 11.1 orig, file: UwgmCadx-actionmodels.xml -->
   <model name="relatedItemsCADDoc" resourceBundle="com.ptc.core.ui.navigationRB">
      <action name="relatedActionItems" type="actionitem"/>

	  <!-- added -->
	  <action name="parentObjectsTable_KBVariantLink" type="object" resourceBundle="ext.kb.resources.KBConfigurableLinkRB"/>
	  <action name="childObjectsTable_KBVariantLink" type="object" resourceBundle="ext.kb.resources.KBConfigurableLinkRB"/>

      <action name="relatedParts" type="note"/>
      <action name="relatedBOM" type="note"/>
      <action name="CDPPRelatedPartsSubTemplate_WF" type="object"/>
      <action name="CDPPReference" type="object"/>
      <action name="relatedDeliverables" type="deliverable"/>
      <action name="scheduledDeliverables" type="planActivity"/>         <!-- Associated PlanActivities which act as Scheduled Deliverables. -->
      <action name="relatedTranslations" type="translation"/>
      <action name="translationSummary" type="translation"/>             <!-- Translation Summary -->
      <action name="translationContent" type="translation"/>             <!-- Translation Content -->
      <action name="baseLanguage" type="translation"/>
      <action name="publishedContent" type="object"/>
      <!-- Related Parts Lists table for Dynamic Documents.  Only enabled if SIS Parts is installed -->
      <action name="docRelatedPartsLists" type="techPubs"/>
      <!-- Impact Analysis table for Dynamic Documents. Only enabled if SISAAD is installed -->
      <action name="impactAnalysis" type="rules"/>
      <action name="separator" type="separator"/>
      <action name="annotationSets" type="annotation"/>
      <action name="separator" type="separator"/>
      <action name="affectedDataTable" type="change"/>
      <action name="affectedEndItemsTable" type="change"/>
      <action name="affectedAndResultingItems" type="changeTask"/>
      <action name="promotionItemsTable" type="promotionRequest"/>
      <action name="separator" type="separator"/>
      <action name="relatedContexts" type="object"/>
      <action name="separator" type="separator"/>
      <action name="implementationPlanTable" type="changeNotice"/>
      <action name="relatedWorkSets" type="workSet"/>
      <action name="separator" type="separator"/>
      <action name="relatedBaselines" type="object"/>
      <action name="separator" type="separator"/>
      <action name="FAMILYTABLEREPORT" type="object"/>
      <action name="separator" type="separator"/>
      <action name="variants" type="generic"/>
      <action name="generics" type="variant"/>
      <action name="variantspecs_all" type="generic"/>
      <action name="mc_content" type="managedcollection"/>
      <action name="relatedPackages" type="wp"/>
      <action name="relatedManagedCollection" type="managedcollection"/>
      <action name="missingObjectsTable" type="persistedCollectable" />
      <action name="separator" type="separator"/>
      <action name="TraceabilityLinksTable" type="requirement"/>
      <action name="singleLevelTraceability" type="object"/>
      <action name="SpecificationsTable" type="requirement"/>
      <action name="relatedClashes" type="clashReport"/>
      <action name="distributionList" type="tgt"/>
      <action name="separator" type="separator"/>
      <action name="relatedMeetings" type="meeting"/>
      <action name="relatedDocumentsEnterpriseData" type="enterprisedata"/>
   </model>
<!-- done -->

<!-- wt 11.1 orig, file: ChangeManagement-actionModels.xml -->
   <model name="third_level_nav_changeItems" defaultActionName="affectedDataTable" defaultActionType="change">
      <description>Third level nav with default action affected data table</description>
      <submodel name="general"/>
      <submodel name="relatedItems"/>
      <submodel name="changes"/>
      <submodel name="history"/>
      <submodel name="collaboration"/>

	  <!-- removed -->
      <submodel name="configLinks" />               
      <submodel name="thingworxCustomizeMenu"/>

	  <!-- added -->
      <submodel name="configLinkCustomizationsKb"/>         <!-- KB: Custom configurable links -->
   </model>
<!-- done -->

<!-- wt 11.1 orig, file: ChangeManagement-actionModels.xml -->
   <!-- Tabs for Change Request Info Page -->
   <model name="changeRequestInfoPageTabSet" >
      <submodel name="changeRequestDetailsTab"/>
      <submodel name="changeRequestProcessTab"/>
      <submodel name="changeObjectsHistoryTab"/>

	  <!-- added -->
      <submodel name="kbEcrRedTab" />
   </model>
<!-- done -->

<!-- wt 11.1 orig, file: ChangeManagement-actionModels.xml -->
   <model name="changeTask row actions" menufor="wt.change2.WTChangeActivity2">
      <description>Change task row actions</description>
      <submodel name="Change object row actions open"/>
      <action name="separator"                      type="separator"/>
      <action name="view"                           type="object"/>
      <action name="separator"                      type="separator"/>
      <submodel name="thingworxActionsMenu"/>
      <action name="separator"                      type="separator"/>
      <action name="undoReservation"                type="reservation"/>
      <action name="edit"                           type="changeTask"/>
      <action name="editTemplate"                   type="changeTask"/>
      <action name="separator"                      type="separator"/>
      <action name="relatedWorkitems"               type="change"/>
      <action name="separator"                      type="separator"/>
      <action name="renameObjectWizard"             type="object"/>
      <action name="CONTAINERMOVE"                  type="pdmObject"/>
      <action name="setState"                       type="lifecycle"/>
      <action name="reassignLC"                     type="lifecycle"/> <!-- Reassign Life Cycle -->
      <action name="resetTeam"                      type="team"/>
      <action name="sendToPlant"                    type="sendToPlantECT"/> <!-- Changes for requirement 278624 -->

	  <!-- added -->
      <action name="exportECTToDownstreamSystems"   type="changeTask"/>

      <action name="separator"                      type="separator"/>
      <submodel name="change tasks add row actions"/>
      <action name="separator"                      type="separator"/>
      <action name="removeShare"                    type="object"/>
      <action name="separator"                      type="separator"/>
      <action name="ManageSecurity"                 type="accessPermission"/>
      <action name="securityLabelsSingleObjJCA"     type="securityLabels"/>
      <action name="EDITSECURITYLABELSNONCOLLECTED" type="object"/>
      <action name="createSubscription"             type="subscription"/>
	  
	  <!-- added -->
	  <action name="separator"                      type="separator"/>
      <action name="KBCTsummaryReport"              type="KBReport"/>
    </model>
<!-- done -->

<!-- wt 11.1 orig, file: ChangeManagement-actionModels.xml -->
   <model name="changesTab" resourceBundle="com.ptc.windchill.enterprise.change2.changeManagementActionsRB">
      <action name="showAssociatedDefects" type ="SoftwareBuild"/>
      <action name="relatedChangeIssues" type="change"/>
      <action name="relatedChangeRequests" type="change"/>
      <action name="relatedChangeDirectiveTable" type="drawingSet"/>
      <action name="relatedAffectedByChangeNotices" type="change"/>
      <action name="relatedResultingFromChangeNotices" type="change"/>
      <action name="impactingDirectiveAndActions" type="changeDirective"/>     <!-- Related Change Directives on CI info page -->
	  <!-- added -->
	  <action name="relatedECTS" type="change" resourceBundle="ext.kb.resources.ActionsRB" />
   </model>
<!-- done -->

<!-- wt 11.1 orig, file: there is no file; new model -->
   <model name="effectivityTab" resourceBundle="ext.kb.resources.EffectivityTabRB">
        <action name="effTableForPartsAndMPMLinkInfoPage" type="effectivity"/>
   </model>
<!-- done -->

<!-- wt 11.1 orig, file: psb-actionmodels.xml -->
   <model name="psbRelatedPartsTreeToolBar">
      <action name="editingGroupGWT" type="psb" />
      <action name="insertExistingPartStructureGWT" type="psb" />
	  
	  <!-- removed -->
      <!-- <action name="insertExistingPartStructureJCA" type="psb" /> -->
	  
      <action name="removeGWT" type="psb" />
      <action name="replaceWithExistingPartStructureGWT" type="psb" />
      <action name="insertNewPartStructureSplitGWT" type="psb" />
      <action name="insertNewPartStructureGWT" type="psb" />
      <action name="insertMultiNewPartStructureGWT" type="psb" />
      <action name="editSplitGWT" type="psb" />
      <action name="editGWT" type="psb" />
      <action name="editUsageLinkTreeGWT" type="psb" />
      <action name="editCommonAttrsGWT" type="psb" />
      <action name="separator" type="separator" />
      <action name="renameGWT" type="psb" />
      <action name="cadxRenameGWT" type="cadx" />
      <action name="moveGWT" type="cat" />

      <action name="createOccurrencesGWT" type="psb" />
      <action name="replaceWithNewPartStructureGWT" type="psb" />

      <action name="checkInOutGroupGWT" type="psb" />
      <action name="checkoutGWT" type="psb" />
      <action name="newRevisionGWT" type="cat" />
      <action name="partCheckinSplitGWT" type="psb" />
      <action name="partCheckinGWT" type="psb" />
      <action name="undocheckoutGWT" type="psb" />
      <action name="findCheckoutItemsGWT" type="psb" />

      <action name="clipboardGroupGWT" type="psb" />
      <action name="pasteFromClipboardToTreeWithLargeIconGWT" type="psb" />
      <action name="copyToWindchillWithLargeIconGWT" type="cat" />
      <action name="pasteFromClipboardToTreeGWT" type="psb" />
      <action name="pasteSelectToTreeGWT" type="psb" />

      <action name="viewingGroupGWT" type="psb" />
      <action name="showDefaultRelatedObjectsGWT" type="psb" />

      <action name="configurableTableViewGWT" type="cat" />
      <action name="configurableTableViewListGWT" type="cat" />
      <action name="separator" type="separator" />
      <action name="saveStructureViewGWT" type="cat" />
      <action name="configurableTableViewManagerGWT" type="cat" />
      <action name="separator" type="cat" />
      <action name="sourcingContextGWT" type="psb" />
      <action name="sourcingContextListGWT" type="psb" />
      <action name="separator" type="cat" />
      <action name="findSourcingContextGWT" type="psb" />

      <action name="hideAllRelatedObjectsGWT" type="psb" />

      <action name="displayGWT" type="cat" />
      <action name="displayOccurrencesGWT" type="psb" />
      <action name="separator" type="separator" />
      <action name="selectAllGWT" type="cat" />
      <action name="separator" type="separator" />
      <action name="expandAllLevelsFromRootGWT" type="cat" />
      <action name="psbExpandSubmenuGWT" type="psb" />
      <action name="expandOneLevelGWT" type="cat" />
      <action name="expandTwoLevelsGWT" type="cat" />
      <action name="expandThreeLevelsGWT" type="cat" />
      <action name="expandFourLevelsGWT" type="cat" />
      <action name="expandFiveLevelsGWT" type="cat" />
      <action name="separator" type="separator" />
      <action name="expandAllSelectedLevelsGWT" type="cat" />
      <action name="expandNLevelsGWT" type="cat" />
      <action name="collapseAllLevelsGWT" type="cat" />
      <action name="psbEndExpandSubmenuGWT" type="psb" />
      <action name="separator" type="separator" />
      <action name="viewLayout2Panel" type="cat" />
      <action name="viewLayout3Panel" type="cat" />
      <action name="separator" type="separator" />
      <action name="refreshGWT" type="cat" />

      <action name="newAddToGroupGWT" type="psb" />
      <action name="newActionsGWT" type="psb" />
      <action name="saveAsGWT" type="psb" />
      <action name="separator" type="separator" />
      <action name="newPromotionRequestTreeGWT" type="psb" />       
      <action name="newPartConfigGWT" type="psb" />
      <action name="newRepresentationTreeGWT" type="psb" />
      <action name="newPARGWT" type="psb"/>
      <action name="separator" type="separator" />
      <action name="assignMultiPlantGWT" type="psb" />  
      <action name="addToActionsGWT" type="psb" />
      <action name="addToBaselineGWT" type="cat" />
      <action name="addToPackageGWT" type="cat" />
      <action name="SBAddToPrj" type="cat" />         
      

      <action name="filterGroupGWT" type="ec" />
      <action name="editFilterWithLargeIconGWT" type="psb" />
      <action name="filterPropertiesGWT" type="psb" />
      <action name="setPathFilterGWT" type="psb"/>
      <action name="applyPathFilterGWT" type="psb"/>
      <action name="savedFiltersGWT" type="psb" />
      <action name="disablePathFilterGWT" type="baseclient"/>

      <action name="toolsGroupGWT" type="psb" />
      <action name="compareActionsGWT" type="psb" />
      <action name="launchStructureCompareGWT" type="psb" />
      <action name="launchCompareToCADGWT" type="dsv" />
      <action name="openActionsGWT" type="psb" />
      <action name="openInProductViewGWT" type="psb" />
      <action name="openInPSEGWT" type="psb" />
      <action name="openInMPSEGWT" type="psb" />
      <action name="openInSPSEGWT" type="psb" />
      <action name="openInMAPSBGWT" type="baseclient" />

	  <!-- removed -->
      <!-- <action name="openInSAPSBGWT" type="psb" /> -->

      <action name="serviceGroupGWT" type="partseditor" />
      <action name="generateActionsGWT" type="partseditor" />
      <action name="generatePLSelected" type="partseditor" />
      <action name="generatePLAll" type="partseditor" />

      <action name="psbReportsGroupGWT" type="psb" />
      <action name="psbReportsGWT" type="psb" />
      <action name="psbReportMultiLevelCompListGWT" type="psb" />
      <action name="separator" type="separator" />
      <action name="psbReportSingleLevelConsolBOMGWT" type="psb" />
      <action name="psbReportSingleLevelBOMGWT" type="psb" />
      <action name="psbReportSingleLevelBOMWithNotesGWT" type="psb" />
      <action name="separator" type="separator" />
	  
	  <!-- added -->
 	  <action name="weightReport" type="psb" />

      <action name="psbReportMultiLevelBOMGWT" type="psb" />
      <action name="psbReportMultiLevelBOMWithReplacementsGWT" type="psb" />
      <action name="psbReportMultiLevelBOMWithAMLAVLGWT" type="psb" />
      <action name="psbReportMultiLevelBOMWithAMLGWT" type="psb" />
	  
	  <!-- added -->
      <action name="separator" type="separator" />
      <action name="bomCostRollupReport"  type="psb" />
      <action name="hvacDosReport"  type="psb" />
	  <action name="hvacDosReportNew"  type="psb" />
      <action name="kbDosReport"  type="psb" />

      <action name="separator" type="separator" />
      <action name="impactAnalysisReportAction" type="cat" />
      <action name="separator" type="separator" />
      <action name="singleSourceOEMPartsGWT" type="psb" />
      <action name="uniqueManufacturerPartsGWT" type="psb" />
      <action name="separator" type="separator" />
      <action name="changeBaselineReportGWT" type="change" />
      <action name="exportActionsGWT" type="cat"/>
      <action name="exportCsvGWT" type="cat" />
      <action name="exportHtmlGWT" type="cat" />
      <action name="exportPdfGWT" type="cat" />
      <action name="exportTextGWT" type="cat" />
      <action name="exportXlsGWT" type="cat" />
      <action name="exportXlsxGWT" type="cat" />
      <action name="exportXlsReportGWT" type="cat" />
      <action name="exportXmlGWT" type="cat" />
	  <action name="spreadsheetExportGWT" type="ixb" />
   </model>
<!-- done -->

<!-- wt 11.1 orig, file: psb-actionmodels.xml -->
   <model name="psbRelatedPartsToolBar">
   	<action name="insertExistingPartUsesGWT" type="psb" />

	<!-- removed -->
    <!-- <action name="insertExistingPartUsesJCA" type="psb" /> -->
	  
   	<action name="insertNewPartUsesGWT" type="psb" />
   	<action name="insertMultiNewPartUsesGWT" type="psb" />
   	<action name="removeChildPartGWT" type="psb" />
   	<action name="separator" type="separator" />
   	<action name="editUsageLinkGWT" type="psb" ></action>
   	<action name="editAttrValuesUsageLinksGWT" type="psb" />
	
	<!-- added -->
	<action name="assignChoicesGWT" type="psb" />

   	<!--<action name="assignOptionalityGWT" type="psb" /> -->
   	<action name="separator" type="separator" ></action>
   	<action name="copyToWindchillGWT" type="cat" />
   	<action name="pasteFromClipboardToTableGWT" type="psb" />
   	<action name="pasteSelectToTableGWT" type="psb" />
    <action name="tableExportActionsGWT" type="cat"/>
    <action name="exportCsvGWT" type="cat" />
    <action name="exportHtmlGWT" type="cat" />
    <action name="exportPdfGWT" type="cat" />
    <action name="exportTextGWT" type="cat" />
    <action name="exportXlsGWT" type="cat" />
    <action name="exportXlsxGWT" type="cat" />
    <action name="exportXlsReportGWT" type="cat" />
    <action name="exportXmlGWT" type="cat" />
	
	<!-- added -->
	<action name="autoFillEmptyNumbersGWT" type="ext-psb" /> <!-- KNORRBREMSE_RAILPLM-2235 -->
   </model>
<!-- done -->

<!-- wt 11.1 orig, file: BusinessRulesClient-actionModels.xml -->
	<model name="businessRules_results_table">
		<description>Toolbar actions for the results table on the View
			Conflicts link from the workflow task</description>
		<submodel name="exportlisttofile_submenu"/>
		
		<!-- added -->
		<action   name="editMultiObjects" type="object" />
	</model>
<!-- done -->

<!-- wt 11.1 orig, file: there is no file; new model -->
  <model name="more_export_to_sap_part_actions_add" resourceBundle="ext.kb.mkpint.resource.MkpInterfaceResource">
	   <action name="exportToSap" type="part"/>						   <!-- KB: Custom MKP interfaces action -->
	   <action name="exportToSapKBC" type="part"/> 			  <!-- KB: Custom MKP interfaces action -->
	   <action name="exportToSapMER" type="part"/> 			  <!-- KB: Custom MKP interfaces action -->
	   <action name="exportToSapSIG" type="part"/> 			  <!-- KB: Custom MKP interfaces action -->
  </model>
<!-- done -->

<!-- wt 11.1 orig, file: navigation-actionModels.xml -->
    <model name="header actions">
        <description>
            actions that appear in the top right of the header
        </description>
        <submodel name="help"/>
        <action name="openLearningConnector" type="help"/>
        <action name="clipboard" type="netmarkets"/>
                <action name="separator" type="separator"/>
                <action name="importJobMonitorMain" type="ixb"/>
                <action name="queueMonitorMain" type="wvs"/>
                 <action name="checkConsole" type="object"/>
         <action name="separator" type="separator"/>
        <submodel name="mysettings"/>
        <action name="batchPrintGlobal" type="wvs"/>
        <action name="hotList" type="user"/>
        <action name="myARExperiences" type="arpublish"/>
                 <action name="separator" type="separator"/>
        <action name="softwareDownloads" type="netmarkets"/>
                 <action name="separator" type="separator"/>
        <action name="emailPage" type="team"/>
        <action name="copyPage" type="object"/>

		<!-- added -->
		<action name="openENorm" type="object"/>
		<action name="createServiceNowSupportRequest" type="object"/>

        <submodel name="open"/>
        <action name="separator" type="separator"/>
        <action name="signOut" type="fba"/>
		
		<!-- added -->
		<action name="createNamingEntry" type="KBNamingEntry"/>
		<action name="separator" type="separator"/>

    </model>
<!-- done -->

<!-- wt 11.1 orig, file: navigation-actionModels.xml -->
    <model name="help" resourceBundle="com.ptc.core.ui.navigationRB">
        <description>
            Appears as the help action model in quick links
        </description>

		<!-- added -->
		<action name="plm4railHelpCenter" type="object"/>

        <action name="helpCenter" type="help"/>
        <action name="about" type="help"/>
        <action name="support" type="help"/>
        <action name="communities" type="help"/>
        <action name="contactPubs" type="help"/>
        <action name="welcome" type="help"/>
        <action name="quickstart" type="help"/>
        <action name="whatsnew" type="help"/>
    </model>
<!-- done -->

<!-- wt 11.1 orig, file: infoPage-actionmodels.xml -->
    <model name="relatedItems" resourceBundle="com.ptc.core.ui.navigationRB">
        <description>
            "Related Objects" 3rd level nav menu
        </description>
        <action name="relatedCADDocsCADDocuments" type="part"/>                <!-- CAD Documents -->
        <action name="relatedPartsCADDocuments" type="part"/>                  <!-- CAD/Dynamic Documents -->
        <action name="relatedPartsDocuments" type="part"/>                     <!-- Described By Documents -->
        <action name="relatedPartsReferences" type="part"/>                    <!-- References Documents -->
        <action name="relatedDocumentsDocuments" type="document"/>             <!-- Reference Documents -->
        <action name="relatedDocumentsReferencedBy" type="document"/>          <!-- Referenced By Documents -->
        <action name="relatedTranslations" type="translation"/>                <!-- Related Translations -->
        <action name="baseLanguage" type="translation"/>                       <!-- Base Languages -->
        <action name="documents" type="supplier"/>                             <!-- Documents -->
        <action name="relatedWorkSetDocuments" type="workSet"/>                <!-- Documents -->
        <action name="relatedPartInstanceDocuments" type="instance"/>          <!-- Documents -->
        <action name="separator" type="separator"/>                            <!-- ====================================== -->
        <action name="relatedDocumentsParts" type="document"/>                 <!-- Parts -->   
        <action name="relatedCADDocsParts" type="part"/>                       <!-- Parts -->
        <action name="relatedDocumentPartInstances" type="document"/>          <!-- Part Instances -->
        <action name="parts" type="supplier"/>                                 <!-- Supplied Parts -->
        <action name="separator" type="separator"/>                            <!-- ====================================== -->
        <action name="alternates" type="part"/>                                <!-- Alternates -->
        <action name="alternateFor" type="part"/>                              <!-- Alternate For -->
        <action name="substitutes" type="part"/>                               <!-- Substitutes -->
        <action name="substitutesFor" type="part"/>                            <!-- Substitutes For -->
        <action name="separator" type="separator"/>                            <!-- ====================================== -->
        <action name="variants" type="generic"/>                               <!-- Variants -->
        <action name="variantspecs_all" type="generic"/>                       <!-- Variant Specifications -->
        <action name="variantspecsofvariant" type="variant"/>                  <!-- Variant Specifications -->
        <action name="separator" type="separator"/>                            <!-- ====================================== -->
        <action name="singleLevelTraceability" type="object"/>                 <!-- Requirements Single-level Traceability -->
        <action name="TraceabilityLinksTable" type="requirement"/>             <!-- Requirements Multi-level Traceability -->
        <action name="listTraces" type="traceable"/>         <!-- Traceability -->
        <action name="SpecificationsTable" type="requirement"/>                <!-- Specifications -->
        <action name="separator" type="separator"/>                            <!-- ====================================== -->
        <action name="relatedClashes" type="clashReport"/>                     <!-- Related Interferences -->
        <action name="relatedClashReports" type="clashReport"/>                <!-- Related Interference Detection Reports -->
        <action name="separator" type="separator"/>                            <!-- ====================================== -->
        <action name="traceabilityRoleBLinkTable" type="object"/>              <!-- As-Defined -->
        <action name="traceabilityRoleALinkTable" type="object"/>              <!-- As-Designed -->
        <action name="handedPartsRoleALinkTable" type="object"/>               <!-- Right Handed Parts -->
        <action name="handedPartsRoleBLinkTable" type="object"/>               <!-- Left Handed Parts -->
        <action name="separator" type="separator"/>                            <!-- ====================================== -->
        <action name="AccomRequirements" type ="SoftwareBuild"/>               <!-- Accomplished Requirements -->
        <action name="relatedActionItems" type="actionitem"/>                  <!-- Action Items -->
        <action name="activites" type="reqlObject"/>                           <!-- Activities -->
        <action name="affectedEndItemsTable" type="change"/>                   <!-- Affected End Items -->
        <action name="affectedDataTable" type="change"/>                       <!-- Affected Objects -->
        <action name="affectedAndResultingItems" type="changeTask"/>           <!-- Affected/Resulting Objects -->
        <action name="changeSummary" type="changeNotice"/>                     <!-- Affected and Resulting Data for all Change Tasks on a Change Notice -->
        <action name="sumaChangeTree"         type="suma"/>                    <!-- Supplier Parts and related documents for Resulting data for change notice-->
        <action name="analysisActivitiesTable" type="analysisActivity"/>       <!-- Analysis Activities -->
        <action name="annotationSets" type="annotation"/>                      <!-- Annotations -->
        <action name="plan_deliverable_activities" type="planActivity"/>       <!-- Associated Activities -->
        <action name="associatedBuildsTable" type="softwareDefect"/>           <!-- Associated Builds -->
        <action name="showAssociatedDefects" type ="SoftwareBuild"/>           <!-- Associated Defects -->
        <action name="plan_activity_deliverables" type="planActivity"/>        <!-- Associated Deliverables -->
        <action name="relatedBaselines" type="object"/>                        <!-- Baselines -->
        <action name="relatedLotBaselines" type="lotbaseline"/>                <!-- Variant Baselines -->        
        <action name="baselineObjects" type="baseline"/>                       <!-- Baseline Objects -->
        <action name="context_adapters" type="scmi"/>                          <!-- Clearcase Adapters -->
        <action name="relatedWorkSetComponents" type="workSet"/>               <!-- Components -->
        <action name="generics" type="variant"/>                               <!-- Configurable Parts -->
        <action name="designSolutionEff" type="object"/>                       <!-- Configuration Items -->
        <action name="relatedContexts" type="object"/>                         <!-- Contexts -->
        <action name="relatedCC" type="mpml"/>                     <!-- Control Characteristics -->
        <action name="relatedDeliverables" type="deliverable"/>                <!-- Deliverables -->
        <action name="scheduledDeliverables" type="planActivity"/>             <!-- PlanActivities which act as Scheduled Deliverables. -->
        <action name="view_plans" type="project"/>
        <action name="relatedDesignSolution" type="part"/>                     <!-- Design Solutions -->
        <action name="lowLevelPartEff" type="part"/>                           <!-- Design Solutions -->
        <action name="distributionList" type="tgt"/>                           <!-- Distribute Targets -->
        <action name="implementationPlanTable" type="changeNotice"/>           <!-- Implementation Plan -->
        <action name="relatedManagedCollection" type="managedcollection"/>     <!-- Managed Collection -->
        <action name="missingObjectsTable" type="persistedCollectable" />      <!-- Missing Object Table -->
        <action name="relatedNotes" type="note"/>                              <!-- Notes -->
        <action name="relatedPackages" type="wp"/>                             <!-- Packages -->
        <action name="predecessors" type="plan"/>                              <!-- Predecessors -->
        <action name="promotionItemsTable" type="promotionRequest"/>           <!-- Promotion Objects -->
        <action name="relatedMPMProcessPlans" type="part"/>                    <!-- Process Plan -->
        <action name="relatedPartsEnterpriseData" type="enterprisedata"/>      <!-- Enterprise Data -->
        <action name="relatedDocumentsEnterpriseData" type="enterprisedata"/>      <!-- Documents/Enterprise Data -->
        <action name="relatedPartsFunctionalData" type="enterprisedata"/>      <!-- Plant Specific Functional Data -->
        <action name="relatedPartsLists" type="part"/>                         <!-- Parts Lists -->
        <action name="associatedChangeAnalysisTable" type="changeRequest"/>    <!-- Proposals and Investigations -->
        <action name="publishedContent" type="object"/>                        <!-- Published Content -->
        <action name="resources" type="plan"/>                                 <!-- Resources -->
        <action name="actionItemSubjects" type="actionitem"/>                  <!-- Subjects -->
        <action name="successorList" type="wp"/>                               <!-- Successors -->
        <action name="supersedes" type="part"/>                                <!-- Supersedes Table -->
        <action name="contacts" type="supplier"/>                              <!-- Supplier Contacts -->
        <action name="changeWorkItemsTable" type="changeNotice"/>              <!-- Work Items -->       
        <action name="impactedObjectsTable" type="impacted"/>                  <!-- Impacted Objects Table -->
        <action name="impactorObjectsTable" type="impactor"/>                  <!-- Impacted By Objects Table -->
        <action name="relatedWorkSets" type="workSet"/>                        <!-- Work Sets -->
        <action name="separator" type="separator"/>                            <!-- ====================================== -->
        <action name="relatedMeetings" type="meeting"/>                        <!-- Meetings -->
        <action name="plan_activity_subjects" type="planActivity" />           <!-- Subjects for Scheduled Deliverables -->
		
        <!-- added -->
		<action name="relatedECTS" type="change" resourceBundle="ext.kb.resources.ActionsRB" />
    </model>
<!-- done -->
	
<!-- wt 11.1 orig, file: infoPage-actionmodels.xml -->
    <model name="changes" resourceBundle="com.ptc.core.ui.navigationRB">
        <description>
            "Changes" 3rd level nav menu
        </description>
        <action name="associatedChangeItemTable" type="change"/>               <!-- Associated Changes -->
        <action name="associatedReferenceItemTable" type="change"/>     <!-- Associated References -->
        <action name="relatedChangeIssues" type="change"/>                     <!-- Issues and Variances -->
        <action name="associatedChangeIssues" type="changeTask"/>              <!-- Issues and Variances -->
        <action name="relatedChangeRequests" type="change"/>                   <!-- Change Requests -->
        <action name="relatedChangeNotices" type="change"/>                    <!-- Change Notices -->
        <action name="relatedAffectedByChangeNotices" type="change"/>          <!-- Affected By Change Notices -->
        <action name="relatedResultingFromChangeNotices" type="change"/>       <!-- Resulting From Change Notices -->
        <action name="relatedChangeDirectiveTable" type="drawingSet"/>         <!-- CINs -->
        <action name="impactingDirectiveAndActions" type="changeDirective"/>   <!-- Change Directives -->
        <action name="generatedChangeActions" type="changeAction"/>            <!-- Display Configurations -->
        <action name="relatedChangeActions" type="changeAction"/>              <!-- Modification Stack -->
        <action name="modificationStack" type="changeAction"/>                 <!-- Modification Stack -->
		
        <!-- added -->
		<action name="relatedECTS" type="change" resourceBundle="ext.kb.resources.ActionsRB" />
    </model>
<!-- done -->
	<model name="thingworxActionsMenu" resourceBundle="com.ptc.core.ui.navigationRB">
		<action name="fileDownloadPopup" type="twx"/>
	</model>
	<model name="thingworxCustomizeMenu" resourceBundle="com.ptc.core.ui.navigationRB">
		<includeFilter name="thingworxCustomizeMenu" />
		<action name="sapInformation" type="twx"/>
		<action name="stockLevel" type="twx"/>
		<action name="supplierInfo" type="twx"/>
		<action name="supplierInfoPerPlant" type="twx"/>
	</model>
	
	<model name="project revisions table actions toolbar">
		<action name="pstSendToPdmTB" type="sandbox" shortcut="true"/>
		 <!--  Project Status Table Send to PDM  -->
		<action name="pstUndoPdmCheckoutTB" type="object" shortcut="true"/>
		 <!--  Project Status Table Undo PDM Checkout  -->
		<action name="pstConvertToShareTB" type="sandbox" shortcut="true"/>
		 <!--  Project Status Table Convert to Share  -->
		<action name="pstDeleteTB" type="object" shortcut="true"/>
		 <!--  Project Status Table Delete  -->
		<action name="pstRemoveShareTB" type="object" shortcut="true"/>
		 <!--  Project Status Table Remove Share  -->
		<action name="pstConvertToPdmCheckoutTB" type="object" shortcut="true"/>
		 <!--  Project Status Table Convert to PDM Checkout  -->
		 <action name="shareAllVersions" type="document"/>      
	</model>

	<model name="changeTaskDetailsTab" resourceBundle="com.ptc.windchill.enterprise.change2.changeManagementActionsRB">
      <action name="primaryAttributes"                 type="object"/>
      <action name="attributes"                        type="object"/>
      <action name="attachments"                       type="object"/>
      <action name="affectedAndResultingItems"         type="changeTask"/>
      <action name="sumaChangeTree"                    type="suma"/>
      <action name="associatedChangeIssues"            type="changeTask"/>
	  <action name="impactedObjectsTable"  			   type="impacted"/>                  <!-- Impacted Objects Table -->
   </model>


    <model name="folderbrowser_toolbar_actions">
      <description>Folder browser toolbar actions menu for all Folders.</description>
      <submodel name="folderbrowser_toolbar_open_submenu" />
      <action name="customLaunchMatrixEditorWizard" type="productfamily"/> 
      
      <action   name="separator"                                  type="separator" />
      <submodel name="folderbrowser_toolbar_new_submenu" />
      <action name="separator" type="separator"/>   <!-- Seperator -->	 
	  <action name="createAdditionalSystemBom" type="part"/>           <!-- Create Additional System BOM -->	 		  
      <action   name="separator"                                  type="separator" />    
	  <action   name="list_cut"                                   type="object" />                                                 <!-- Cut -->
      <action   name="list_copy"                                  type="object" shortcut="true" />                                 <!-- Copy -->
      <action   name="pasteAsCopy"                                type="saveas" />                                                 <!-- Paste (for Product/Library/Org/Site) -->
      <action   name="fbpaste"                                    type="object" />                                                 <!-- Paste -->
      <action   name="CONTAINERMOVE"                              type="pdmObject" />                                              <!-- Move -->
      <action   name="separator"                                  type="separator" />
      <action   name="multiObjectCheckIn"                         type="wip" />                                                    <!-- multiObjectCheckIn -->
      <action   name="multiObjectCheckOut"                        type="wip" />                                                    <!-- multiObjectCheckOut -->      
      <action   name="PAGERELOADINGMULTICHECKOUT"                 type="folder" />                                                 <!-- Check out to Workspace -->
      <action   name="multiObjectUndoCheckout"                    type="wip" />                                                    <!-- multiObjectUndoCheckout -->
      <action   name="editMultiObjects"                           type="object" />                                                 <!-- Edit Multiple Objects -->
      <action   name="MULTIREVISEITEMS_FROMFOLDERS"               type="pdmObject" />                                              <!-- Revise -->
      <action   name="route"                                      type="workflow" />                                               <!-- Route -->
      <action   name="separator"                                  type="separator" />
      <action   name="WFMULTISAVEAS"                              type="folder" />                                                 <!-- Save As -->
      <action   name="MULTIRENAME"                                type="folder" />                                                 <!-- Rename -->
      <action   name="SETSTATE_FROMFOLDERS"                       type="pdmObject" />                                              <!-- Set State -->
      <action   name="export"                                     type="object" />                                                 <!-- Export -->
      <action   name="cadmultiexport"                             type="object" />                                                 <!-- Export -->
      <action   name="list_delete"                                type="object" />                                                 <!-- Delete -->
	  <action   name="separator"                                  type="separator"/>                                               <!-- Seperator -->
      <action   name="batchPrint"                                 type="wvs" />                                                    <!-- Batch Print -->
      <action   name="separator"                                  type="separator" />
      <action   name="WFADDTOWORKSPACE"                           type="folder"  shortcut="true" />                                                 <!-- Add to Workspace -->
      <submodel name="folderbrowser_toolbar_addto_submenu" />
      <action   name="separator"                                  type="separator" />
      <action   name="sendToPDM"                                  type="sandbox" />                                                <!-- Send to PDM -->
      <action   name="convertToShareTB"                           type="sandbox" />                                                <!-- Convert to Share -->
      <action   name="sandboxCheckoutShareMultiSelect"            type="object" />                                                 <!-- Convert to PDM Check-out -->
      <action   name="sandboxUndoCheckout"                        type="object" />                                                 <!-- Undo PDM Check-out -->
      <action   name="manageIdentityConflicts"                    type="sandbox" />                                                <!-- Manage Identity Conflict -->
      <action   name="SBUpdatePrj"                                type="sandbox" />                                                <!-- Update Project -->
      <action   name="updateShareMultiSelect"                     type="sandbox" />                                                <!-- Update Selected Shares -->
      <action   name="removeShareTB"                              type="object" />                                                 <!-- Remove Share -->
      <action   name="separator"                                  type="separator" />
      <submodel name="folderbrowser_toolbar_compare_submenu" />
      <submodel name="folderbrowser_toolbar_process_submenu" />
      <action   name="downloadDocumentsToCompressedFile"          type="document" />                                               <!-- Download Documents to Compressed File -->
      <action   name="createImportJob" 				  type="ixb"/>                                                     <!-- Import from Spreadsheet -->
      <submodel name="folderbrowser_toolbar_exportlisttofile_submenu" />
      <submodel name="folderbrowser_toolbar_requirements_submenu" />
      <action   name="importFromIntegrity"                        type="integrityRM" />                                            <!-- Import items from Integrity -->
      <action   name="separator"                                  type="separator" />
      <action name="multiObjManageSecurity"                       type="accessPermission"/>
      <action name="MULTIEDITSECURITYLABELS"                      type="object"/>                                                                   <!-- Manage Security -->
      <action   name="createSubscription"                         type="subscription" />                                           <!-- Subscribe -->
      <action name="separator" type="separator"/>
      <action name="track_new_work_table" type="resourceAssignment" />											<!-- Track new Work against subject of deliverable-->
      <action name="new_plan_activity_table" type="planActivity" />											<!-- New Plan Activity against subject -->      
		<includeFilter name="ActionFilterOnProject2State" />
   </model> 
   
   
  <model name="search_table_actions_toolbar"> 							<!--This action model is used for persistable wt.fc.Persistable object type -->
    <action name="openInMatrixEditor" type="productfamily"/> 				<!--Matrix editor for selected objects-->
    <action name="viewSchematic" type="partslink" shortcut="true" />
    <action name="list_copy" type="object" shortcut="true" /> 				<!-- Copy -->
    <action name="CONTAINERMOVE" type="pdmObject" /> 						<!-- Move -->
    <action name="separator" type="separator"/>   							<!-- Seperator -->
	<action name="createAdditionalSystemBom" type="part"/>          	     <!-- Create Additional System BOM -->	 		  
    <action   name="separator"      type="separator" />    
    <action name="multiObjectCheckIn" type="wip" />							<!--multiObjectCheckIn-->
    <action name="multiObjectCheckOut" type="wip" />						<!--multiObjectCheckOut-->
    <action name="WFMULTICHECKOUT" type="folder" />							<!--checkout to workspace-->
    <action name="multiObjectUndoCheckout" type="wip" />					<!-- multiObjectUndoCheckout -->
    <action name="editMultiObjects" type="object" shortcut="true"/>			<!-- Edit Multi Object -->
    <action name="separator" type="separator"/>   							<!-- Seperator -->

    <submodel name="new_submenu"/>
    <action name="separator" type="separator"/>   							<!-- Seperator -->

    <action name="WFSAVEASFROMSEARCH" type="pdmObject" /> 					<!-- Save As -->
    <action name="MULTIRENAMEFROMSEARCH" type="pdmObject"/> 				<!-- Rename -->
    <action name="cadmultiexport" type="object" /> 							<!-- Export CAD documents -->
    <action name="list_delete" type="search" shortcut="true" /> 			<!-- Delete -->
    <action name="send_owner_notification_wizard" type="network" /> 		<!-- Email Object Owners-->
    <action name="downloadDocumentsToCompressedFile" type="document" />     <!-- Download Document To Compressed File-->
    <action name="batchPrint"                     type="wvs"/>     			<!-- Send file to new Batch Print UI-->
      <action name="SETSTATE_FROMFOLDERS" type="pdmObject" /> 				<!-- Set State -->
    <action name="separator" type="separator"/>   							<!-- Seperator -->
	<action name="addNewDocumentVariant" type="document"/>
	<action name="separator" type="separator"/>   							<!-- Seperator -->
    <action name="WFADDTOWORKSPACE" type="folder"  shortcut="true"/>		<!-- Add to Workspace -->
    <submodel name="add_to_submenu"/> 										<!-- Add To actions -->
    <action name="separator" type="separator"/>   							<!-- Seperator -->

    <submodel name="compare_submenu"/>
    <submodel name="process_submenu"/>
    <submodel name="folderbrowser_toolbar_exportlisttofile_submenu"/> 		<!-- Export -->
    <action name="separator" type="separator"/>   							<!-- Seperator -->

    <action name="route" type="workflow" />									<!-- Route -->
    <action name="userInitiatedReplication" type="replication" /> 			<!-- User Initiated Replication -->
    <action name="separator" type="separator"/>   							<!-- Seperator -->
    
    <action name="multireassign" type="work" />
    <action name="multiaccept" type="work" />
    <action name="multiunaccept" type="work" />
    <action name="separator" type="separator"/>   							<!-- Seperator -->
    
    <action name="MULTIEDITSECURITYLABELS"       type="object"/>    		<!-- Edit Security Labels -->
    <action name="createSubscription" type="subscription" />				<!-- Subscribe -->
  </model>
   
</actionmodels>