<?xml version="1.0" encoding="UTF-8"?>
<!--
Tool to create a patch

@author Benjamin Mueller (bmueller@ptc.com)
@version 20130906
@see VW_ECA-17627
@since ECA 5.0 / RCL 2.0

Usage:
In WT Shell at WT_HOME
ant -f codebase/com/vw/generic/patch/buildPatch.xml

-->
<project name="buildPatch" default="createPatch" basedir=".">

	<target name="init">

		<property file="buildPatch.properties" />
		<property environment="env" />

		<input message="Enter your SVN username:" addproperty="username" />
		<input message="Enter your SVN password (input will be hidden):" addproperty="password">
			<handler type="secure" />
		</input>
		<input message="What is this patch for?" validargs="ECA,RCL,KVS" addproperty="patch.type" defaultvalue="RCL" />
		<input message="Enter the patch number [Format is XX]:" addproperty="patch.number" defaultvalue="01" />
		<input message="Enter your SVN URL:" addproperty="svnURL" defaultvalue="https://sspsvn.ptc.com/VW/ECA/components/RCL/trunk" />
		<input message="Enter the temporary checkout folder:" addproperty="tempFolder" defaultvalue="${env.TEMP}" />
		<property name="destPath" value="${tempFolder}/patchCreation" />
		<input message="Enter the SVN revision for which you want to create a patch (source):" addproperty="sourceRevision" defaultvalue="32623" />
		<input message="Enter the SVN revision which includes your fixes (target):" addproperty="targetRevision" defaultvalue="HEAD" />

	</target>

	<target name="cleanupRevertAndUpdate" if="${isAlreadyCheckedout}">

		<echo message="cleanup, revert and update to revision" />

		<exec executable="svn">
			<arg value="cleanup" />
			<arg value="${destPath}" />
			<arg value="--username" />
			<arg value="${username}" />
			<arg value="--password" />
			<arg value="${password}" />
		</exec>

		<exec executable="svn">
			<arg value="revert" />
			<arg value="${destPath}" />
			<arg value="--recursive" />
			<arg value="--username" />
			<arg value="${username}" />
			<arg value="--password" />
			<arg value="${password}" />
		</exec>

		<exec executable="svn">
			<arg value="update" />
			<arg value="${destPath}" />
			<arg value="-r" />
			<arg value="${targetRevision}" />
			<arg value="--username" />
			<arg value="${username}" />
			<arg value="--password" />
			<arg value="${password}" />
		</exec>

	</target>

	<target name="checkout" unless="${isAlreadyCheckedout}">

		<echo message="checkout" />

		<exec executable="svn">
			<arg value="checkout" />
			<arg value="${svnURL}" />
			<arg value="${destPath}" />
			<arg value="-r" />
			<arg value="${targetRevision}" />
			<arg value="--username" />
			<arg value="${username}" />
			<arg value="--password" />
			<arg value="${password}" />
		</exec>

	</target>

	<target name="createDiffSourceTarget">

		<available file="${destPath}" type="dir" property="isAlreadyCheckedout" />

		<antcall target="cleanupRevertAndUpdate" inheritRefs="true" />
		<antcall target="checkout" inheritRefs="true" />

		<exec executable="svn" output="${destPath}/../svnDiff.log">
			<arg value="diff" />
			<arg value="${destPath}" />
			<arg value="-r" />
			<arg value="${sourceRevision}:${targetRevision}" />
			<arg value="--summarize" />
		</exec>
		
		<!-- get teivon-core diff -->
        <exec executable="svn" output="${destPath}/../teivon.log">
            <arg value="diff" />
            <arg value="--old=${teivon.core.url}@${sourceRevision}" />
            <arg value="--new=${teivon.core.url}@${targetRevision}" />
        	<arg value="--summarize" />
        </exec>

		<!-- get generic-core diff -->
        <exec executable="svn" output="${destPath}/../generic.log">
            <arg value="diff" />
            <arg value="--old=${generic.core.url}@${sourceRevision}" />
            <arg value="--new=${generic.core.url}@${targetRevision}" />
            <arg value="--summarize" />
        </exec>
		
	</target>
    
    <target name="extractTemplate">

		<!-- make sure target is empty -->
		<delete dir="${destPath}/../PatchProject" />

    	<!-- copy template project -->
		<copy todir="${destPath}/../PatchProject">
			<fileset dir="PatchProject"/>
		</copy>

	</target>
    
    <target name="compileUtils">
        <javac destdir="${destPath}/codebase" srcdir="." includes="BuildFileLists.java"/>
    </target>

	<target name="copyECAfiles" if="${patch.type.eca}">
        <condition property="patch-specific-exists">
            <available file="${destPath}/component_eca_patch_${patch.number}.xml"/>
        </condition>
        <antcall target="warnExitECA" inheritrefs="true"/>
		<copy file="bif.ant.properties_eca" tofile="${destPath}/../PatchProject/bif.ant.properties" overwrite="true" />
		<copy file="${destPath}/srclib/buildEnhancements.targets.xml" todir="${destPath}/../PatchProject/srclib"/>	
		<copy file="${destPath}/PostDeploy.xml" todir="${destPath}/../PatchProject/"/>
        <copy file="${destPath}/component_eca_patch_${patch.number}.xml" tofile="${destPath}/../PatchProject/component.xml" overwrite="true" />
	</target>
    
    <target name="warnExitECA" unless="${patch-specific-exists}">
        <fail message="The file ${destPath}/component_eca_patch_${patch.number}.xml does not exist. Make sure that it is available in the project repository."/>
    </target>

	<target name="copyRCLfiles" if="${patch.type.rcl}">
        <condition property="patch-specific-exists">
            <available file="${destPath}/component_rcl_patch_${patch.number}.xml"/>
        </condition>
        <antcall target="warnExitRCL" inheritrefs="true"/>
		<copy file="bif.ant.properties_rcl" tofile="${destPath}/../PatchProject/bif.ant.properties" overwrite="true" />
		<copy file="${destPath}/lib/buildEnhancements.targets.xml" todir="${destPath}/../PatchProject/lib"/>
        <copy file="${destPath}/extension/PreRCLPatchInstall.xml" todir="${destPath}/../PatchProject/extension"/>
		<copy file="${destPath}/component_rcl_patch_${patch.number}.xml" tofile="${destPath}/../PatchProject/component.xml" overwrite="true" />
		
		<!-- copy the whole gwt package into to patch project to avoid compile issues -->
		<copy todir="${destPath}/../PatchProject/src/com/vw/audi/renaming/gwt">
			<fileset dir="${destPath}/src/com/vw/audi/renaming/gwt"/>
		</copy>
	</target>
    
    <target name="warnExitRCL" unless="${patch-specific-exists}">
        <fail message="The file ${destPath}/component_rcl_patch_${patch.number}.xml does not exist. Make sure that it is available in the project repository."/>
    </target>

	<target name="copyKVSfiles" if="${patch.type.kvs}">
        <condition property="patch-specific-exists">
            <available file="${destPath}/component_kvs_patch_${patch.number}.xml"/>
        </condition>
        <antcall target="warnExitKVS" inheritrefs="true"/>
		<copy file="bif.ant.properties_kvs" tofile="${destPath}/../PatchProject/bif.ant.properties" overwrite="true" />
		<copy file="${destPath}/lib/buildEnhancements.targets.xml" todir="${destPath}/../PatchProject/lib"/>
		<copy file="${destPath}/extension/PostKVSInstall.xml" todir="${destPath}/../PatchProject/extension"/>
        <copy file="${destPath}/extension/PreKVSPatchInstall.xml" todir="${destPath}/../PatchProject/extension"/>
		<copy file="${destPath}/component_kvs_patch_${patch.number}.xml" tofile="${destPath}/../PatchProject/component.xml" overwrite="true" />
		
		<!-- copy the whole gwt package into to patch project to avoid compile issues -->
		<copy todir="${destPath}/../PatchProject/src/com/vw/interfaces/kvs/gwt">
			<fileset dir="${destPath}/src/com/vw/interfaces/kvs/gwt"/>
		</copy>
	</target>
    
    <target name="warnExitKVS" unless="${patch-specific-exists}">
        <fail message="The file ${destPath}/component_kvs_patch_${patch.number}.xml does not exist. Make sure that it is available in the project repository."/>
    </target>

	<target name="populateProject">

        <property name="patch.loc" value="${destPath}/../PatchProject/loadXMLFiles/com/vw/" />
        
        <java classpath="${destPath}/codebase" classname="com.ptc.generic.patch.BuildFileLists">
			<arg value="${destPath}" />
			<arg value="${destPath}/../svnDiff.log" />
			<arg value="${patch.loc}/backup.log" />
			<arg value="${patch.loc}/delete.log" />
			<arg value="${destPath}/../copyFileSet.txt" />
			<arg value="${destPath}/../teivon.log" />
			<arg value="${destPath}/../generic.log" />
			<classpath>
				<pathelement path="${env.WT_HOME}/codebase" />
			</classpath>
		</java>
		
		<copy todir="${destPath}/../PatchProject" failonerror="false">
			<fileset dir="${destPath}" includesfile="${destPath}/../copyFileSet.txt" />
		</copy>

		<!-- copy patch specific component.xml and bif.ant.properties -->
		<condition property="patch.type.eca">
			<equals arg1="${patch.type}" arg2="ECA" />
		</condition>
		<condition property="patch.type.rcl">
			<equals arg1="${patch.type}" arg2="RCL" />
		</condition>
		<condition property="patch.type.kvs">
			<equals arg1="${patch.type}" arg2="KVS" />
		</condition>

		<antcall target="copyECAfiles" inheritRefs="true" />
		<antcall target="copyRCLfiles" inheritRefs="true" />
		<antcall target="copyKVSfiles" inheritRefs="true" />

		<!-- copy BIF into the patch project -->
		<copy todir="${destPath}/../PatchProject/srclib">
			<fileset dir="${destPath}/srclib" includes="BIFSDK*.jar" />
		</copy>

	</target>

	<target name="runBIF">

		<!-- find BIFSDK name -->
        <first id="bif.jar">
            <fileset dir="${destPath}/../PatchProject/srclib" includes="BIFSDK*.jar" />
        </first>
		
		<echo message="Please execute" />
		<echo message="java -jar ${toString:bif.jar} dist" />
		<echo message="from" />
		<echo message="${destPath}/../PatchProject" />
		<echo message="in order to create the patch." />
		
	</target>

	<target name="createPatch" depends="init,createDiffSourceTarget,extractTemplate,compileUtils,populateProject,runBIF" />

</project>
