<?xml version="1.0" encoding="UTF-8" ?>
<!DOCTYPE EPMDocumentTemplate SYSTEM "standardX24.dtd">
<EPMDocumentTemplate>
	<EPMDocument>
	  <ObjectID>
		<localId>wt.epm.EPMDocument:4554279</localId>
		<ufid>wt.epm.EPMDocument:4554279|449647520-1452546207132-1960135966-68-10-244-149|mucs70068.corp.knorr-bremse.com</ufid>
	  </ObjectID>
	  <objectContainerPath>/wt.inf.container.OrgContainer=KB</objectContainerPath>
	  <ownerApplication>EPM</ownerApplication>
	  <authoringApplication>ACAD</authoringApplication>
	  <organizationId> ((null))</organizationId>
	  <organizationName>KB</organizationName>
	  <number>AutoCAD Default Template</number>
	  <masterUfid>wt.epm.EPMDocumentMaster:4554273|449647520-1452546207132-1960135966-68-10-244-149|mucs70068.corp.knorr-bremse.com</masterUfid>
	  <masterExternalTypeId>WCTYPE|wt.epm.EPMDocumentMaster|com.ptc.DefaultEPMDocumentMaster</masterExternalTypeId>
	  <masterIba><businessFields>
		  <businessField>
			<businessFieldID>
			  <solution>WINDCHILL</solution>
			  <namespace>
			  <category>type</category>
			  <name>com.ptc.DefaultEPMDocumentMaster</name>
			  </namespace>
			  <name>ADWAccessControlData</name>
			</businessFieldID>
			<datatype>java.lang.String</datatype>
		  </businessField>
		  <businessField>
			<businessFieldID>
			  <solution>WINDCHILL</solution>
			  <namespace>
			  <category>type</category>
			  <name>com.ptc.DefaultEPMDocumentMaster</name>
			  </namespace>
			  <name>KB_LOCALIZATION</name>
			</businessFieldID>
			<datatype>java.lang.String</datatype>
		  </businessField>
		  <businessField>
			<businessFieldID>
			  <solution>WINDCHILL</solution>
			  <namespace>
			  <category>type</category>
			  <name>com.ptc.DefaultEPMDocumentMaster</name>
			  </namespace>
			  <name>KB_DOCUMENT_ID</name>
			</businessFieldID>
			<datatype>java.lang.String</datatype>
		  </businessField>
		  <businessField>
			<businessFieldID>
			  <solution>WINDCHILL</solution>
			  <namespace>
			  <category>type</category>
			  <name>com.ptc.DefaultEPMDocumentMaster</name>
			  </namespace>
			  <name>ADWLastModification</name>
			</businessFieldID>
			<datatype>java.lang.String</datatype>
		  </businessField>
		  <businessField>
			<businessFieldID>
			  <solution>WINDCHILL</solution>
			  <namespace>
			  <category>type</category>
			  <name>com.ptc.DefaultEPMDocumentMaster</name>
			  </namespace>
			  <name>KB_SAP_IDX</name>
			</businessFieldID>
			<datatype>java.lang.String</datatype>
			<value>000</value>
		  </businessField>
		  <businessField>
			<businessFieldID>
			  <solution>WINDCHILL</solution>
			  <namespace>
			  <category>type</category>
			  <name>com.ptc.DefaultEPMDocumentMaster</name>
			  </namespace>
			  <name>KB_TC_NAME</name>
			</businessFieldID>
			<datatype>java.lang.String</datatype>
		  </businessField>
		</businessFields></masterIba>
	  <name>AutoCAD Default Template</name>
	  <CADName>AutoCAD_Default_Template.dwg</CADName>
	  <epmDocType>CADDRAWING</epmDocType>
	  <defaultUnit>ea</defaultUnit>
	  <collapsible>false</collapsible>
	  <genericType>standard</genericType>
	  <authoringApplicationVersion>
		<versionNumber>200</versionNumber>
		<versionName>J-01</versionName>
	  </authoringApplicationVersion>
	  <dbKeySize>-1</dbKeySize>
	  <isVerified>true</isVerified>
	  <revisionNumber>-2147483648</revisionNumber>
	  <familyTableStatus>0</familyTableStatus>
	  <derived>false</derived>
	  <domainName>/System</domainName>
	  <folderPath>/System</folderPath>
	  <versionInfo>
		<versionId>0</versionId>
		<iterationId>0</iterationId>
		<versionLevel>1</versionLevel>
		<series>wt.series.HarvardSeries.KB_Revision</series>
		<versionPosition>1</versionPosition>
		<iterationSeries>wt.series.IntegerSeries</iterationSeries>
		<iterationPosition>1</iterationPosition>
	  </versionInfo>
	  <teamIdentity>Default</teamIdentity>
	  <contentItem>
		<contentId>ext/kb/cad_template_content/autocad/kb/AutoCAD_Default_Template.dwg</contentId>
		<contentType>ApplicationData</contentType>
		<category>GENERAL</category>
		<fileName>{$CAD_NAME}</fileName>
		<size>32651</size>
		<role>PRIMARY</role>
		<descriptor> ((null))</descriptor>
		<urlLocation> ((null))</urlLocation>
		<comments> ((null))</comments>
		<lineNumber>0</lineNumber>
		<distributable>false</distributable>
		<toolVersion> ((null))</toolVersion>
		<toolName> ((null))</toolName>
		<fileVersion> ((null))</fileVersion>
		<streamId>32708</streamId>
		<isChapteredContent>false</isChapteredContent>
		<chapterDelegate> ((null))</chapterDelegate>
	  </contentItem>
	  <externalTypeId>WCTYPE|wt.epm.EPMDocument|com.ptc.DefaultEPMDocument|com.ptc.DesignCADDoc|com.ptc.DesignCADDrw</externalTypeId>
	  <businessFields>
		<businessField>
		  <businessFieldID>
			<solution>WINDCHILL</solution>
			<namespace>
			  <category>type</category>
			  <name>com.ptc.DesignCADDrw</name>
			</namespace>
			<name>MC_CONFIG</name>
		  </businessFieldID>
		  <datatype>java.lang.String</datatype>
		</businessField>
		<businessField>
		  <businessFieldID>
			<solution>WINDCHILL</solution>
			<namespace>
			  <category>type</category>
			  <name>com.ptc.DesignCADDrw</name>
			</namespace>
			<name>KB_WEIGHT</name>
		  </businessFieldID>
		  <datatype>com.ptc.core.meta.common.FloatingPoint</datatype>
		</businessField>
		<businessField>
		  <businessFieldID>
			<solution>WINDCHILL</solution>
			<namespace>
			  <category>type</category>
			  <name>com.ptc.DesignCADDrw</name>
			</namespace>
			<name>KB_THICKNESS</name>
		  </businessFieldID>
		  <datatype>com.ptc.core.meta.common.FloatingPoint</datatype>
		</businessField>
		<businessField>
		  <businessFieldID>
			<solution>WINDCHILL</solution>
			<namespace>
			  <category>type</category>
			  <name>com.ptc.DesignCADDrw</name>
			</namespace>
			<name>KB_SURFACE_STANDARDS</name>
		  </businessFieldID>
		  <datatype>java.lang.String</datatype>
		</businessField>
		<businessField>
		  <businessFieldID>
			<solution>WINDCHILL</solution>
			<namespace>
			  <category>type</category>
			  <name>com.ptc.DesignCADDrw</name>
			</namespace>
			<name>KB_DEPARTMENT</name>
		  </businessFieldID>
		  <datatype>java.lang.String</datatype>
		</businessField>
		<businessField>
		  <businessFieldID>
			<solution>WINDCHILL</solution>
			<namespace>
			  <category>type</category>
			  <name>com.ptc.DesignCADDrw</name>
			</namespace>
			<name>KB_BASIC_SIZE</name>
		  </businessFieldID>
		  <datatype>java.lang.String</datatype>
		</businessField>
		<businessField>
		  <businessFieldID>
			<solution>WINDCHILL</solution>
			<namespace>
			  <category>type</category>
			  <name>com.ptc.DesignCADDrw</name>
			</namespace>
			<name>KB_LEADING_LANGUAGE</name>
		  </businessFieldID>
		  <datatype>java.lang.String</datatype>
		</businessField>
		<businessField>
		  <businessFieldID>
			<solution>WINDCHILL</solution>
			<namespace>
			  <category>type</category>
			  <name>com.ptc.DesignCADDrw</name>
			</namespace>
			<name>KB_MATERIAL_ADDITIONAL</name>
		  </businessFieldID>
		  <datatype>java.lang.String</datatype>
		</businessField>
		<businessField>
		  <businessFieldID>
			<solution>WINDCHILL</solution>
			<namespace>
			  <category>type</category>
			  <name>com.ptc.DesignCADDrw</name>
			</namespace>
			<name>KB_VERIFIED_BY</name>
		  </businessFieldID>
		  <datatype>java.lang.String</datatype>
		</businessField>
		<businessField>
		  <businessFieldID>
			<solution>WINDCHILL</solution>
			<namespace>
			  <category>type</category>
			  <name>com.ptc.DesignCADDrw</name>
			</namespace>
			<name>KB_MATERIAL</name>
		  </businessFieldID>
		  <datatype>java.lang.String</datatype>
		</businessField>
		<businessField>
		  <businessFieldID>
			<solution>WINDCHILL</solution>
			<namespace>
			  <category>type</category>
			  <name>com.ptc.DesignCADDrw</name>
			</namespace>
			<name>KB_CUSTOMER_DRW_NUM</name>
		  </businessFieldID>
		  <datatype>java.lang.String</datatype>
		</businessField>
		<businessField>
		  <businessFieldID>
			<solution>WINDCHILL</solution>
			<namespace>
			  <category>type</category>
			  <name>com.ptc.DesignCADDrw</name>
			</namespace>
			<name>KB_DESCRIPTION_NATIVE</name>
		  </businessFieldID>
		  <datatype>java.lang.String</datatype>
		  <value>-</value>
		</businessField>
		<businessField>
		  <businessFieldID>
			<solution>WINDCHILL</solution>
			<namespace>
			  <category>type</category>
			  <name>com.ptc.DesignCADDrw</name>
			</namespace>
			<name>KB_PROJECT_ID</name>
		  </businessFieldID>
		  <datatype>java.lang.String</datatype>
		</businessField>
		<businessField>
		  <businessFieldID>
			<solution>WINDCHILL</solution>
			<namespace>
			  <category>type</category>
			  <name>com.ptc.DesignCADDrw</name>
			</namespace>
			<name>KB_DOC_CONTENT_TYPE</name>
		  </businessFieldID>
		  <datatype>java.lang.String</datatype>
		  <value>003</value>
		</businessField>
		<businessField>
		  <businessFieldID>
			<solution>WINDCHILL</solution>
			<namespace>
			  <category>type</category>
			  <name>com.ptc.DesignCADDrw</name>
			</namespace>
			<name>MC_MODE</name>
		  </businessFieldID>
		  <datatype>java.lang.String</datatype>
		</businessField>
		<businessField>
		  <businessFieldID>
			<solution>WINDCHILL</solution>
			<namespace>
			  <category>type</category>
			  <name>com.ptc.DesignCADDrw</name>
			</namespace>
			<name>KB_REPLACES</name>
		  </businessFieldID>
		  <datatype>java.lang.String</datatype>
		</businessField>
		<businessField>
		  <businessFieldID>
			<solution>WINDCHILL</solution>
			<namespace>
			  <category>type</category>
			  <name>com.ptc.DesignCADDrw</name>
			</namespace>
			<name>KB_TOLERANCE</name>
		  </businessFieldID>
		  <datatype>java.lang.String</datatype>
		</businessField>
		<businessField>
		  <businessFieldID>
			<solution>WINDCHILL</solution>
			<namespace>
			  <category>type</category>
			  <name>com.ptc.DesignCADDrw</name>
			</namespace>
			<name>KB_SHEET_NO</name>
		  </businessFieldID>
		  <datatype>java.lang.Long</datatype>
		  <value>1</value>
		</businessField>
		<businessField>
		  <businessFieldID>
			<solution>WINDCHILL</solution>
			<namespace>
			  <category>type</category>
			  <name>com.ptc.DesignCADDrw</name>
			</namespace>
			<name>KB_NATIVE_LANGUAGE</name>
		  </businessFieldID>
		  <datatype>java.lang.String</datatype>
		</businessField>
		<businessField>
		  <businessFieldID>
			<solution>WINDCHILL</solution>
			<namespace>
			  <category>type</category>
			  <name>com.ptc.DesignCADDrw</name>
			</namespace>
			<name>KB_RAW_PART_NUMBER</name>
		  </businessFieldID>
		  <datatype>java.lang.String</datatype>
		</businessField>
		<businessField>
		  <businessFieldID>
			<solution>WINDCHILL</solution>
			<namespace>
			  <category>type</category>
			  <name>com.ptc.DesignCADDrw</name>
			</namespace>
			<name>KB_DESCRIPTION2_EN</name>
		  </businessFieldID>
		  <datatype>java.lang.String</datatype>
		</businessField>
		<businessField>
		  <businessFieldID>
			<solution>WINDCHILL</solution>
			<namespace>
			  <category>type</category>
			  <name>com.ptc.DesignCADDrw</name>
			</namespace>
			<name>KB_PART_CATEGORY</name>
		  </businessFieldID>
		  <datatype>java.lang.String</datatype>
		  <value>3</value>
		</businessField>
		<businessField>
		  <businessFieldID>
			<solution>WINDCHILL</solution>
			<namespace>
			  <category>type</category>
			  <name>com.ptc.DesignCADDrw</name>
			</namespace>
			<name>KB_WEIGHT_TYPE</name>
		  </businessFieldID>
		  <datatype>java.lang.String</datatype>
		  <value>CAL</value>
		</businessField>
		<businessField>
		  <businessFieldID>
			<solution>WINDCHILL</solution>
			<namespace>
			  <category>type</category>
			  <name>com.ptc.DesignCADDrw</name>
			</namespace>
			<name>KB_EXPANDED_TEXT</name>
		  </businessFieldID>
		  <datatype>java.lang.String</datatype>
		</businessField>
		<businessField>
		  <businessFieldID>
			<solution>WINDCHILL</solution>
			<namespace>
			  <category>type</category>
			  <name>com.ptc.DesignCADDrw</name>
			</namespace>
			<name>KB_MANUFACTURED_FROM</name>
		  </businessFieldID>
		  <datatype>java.lang.String</datatype>
		</businessField>
		<businessField>
		  <businessFieldID>
			<solution>WINDCHILL</solution>
			<namespace>
			  <category>type</category>
			  <name>com.ptc.DesignCADDrw</name>
			</namespace>
			<name>KB_GEKLA</name>
		  </businessFieldID>
		  <datatype>java.lang.String</datatype>
		</businessField>
		<businessField>
		  <businessFieldID>
			<solution>WINDCHILL</solution>
			<namespace>
			  <category>type</category>
			  <name>com.ptc.DesignCADDrw</name>
			</namespace>
			<name>KB_RELEASED_BY</name>
		  </businessFieldID>
		  <datatype>java.lang.String</datatype>
		</businessField>
		<businessField>
		  <businessFieldID>
			<solution>WINDCHILL</solution>
			<namespace>
			  <category>type</category>
			  <name>com.ptc.DesignCADDrw</name>
			</namespace>
			<name>KB_VERIFIED_DATE</name>
		  </businessFieldID>
		  <datatype>java.lang.String</datatype>
		</businessField>
		<businessField>
		  <businessFieldID>
			<solution>WINDCHILL</solution>
			<namespace>
			  <category>type</category>
			  <name>com.ptc.DesignCADDrw</name>
			</namespace>
			<name>KB_ARTICLE_NUM</name>
		  </businessFieldID>
		  <datatype>java.lang.String</datatype>
		  <value>.</value>
		</businessField>
		<businessField>
		  <businessFieldID>
			<solution>WINDCHILL</solution>
			<namespace>
			  <category>type</category>
			  <name>com.ptc.DesignCADDrw</name>
			</namespace>
			<name>KB_FINISHING</name>
		  </businessFieldID>
		  <datatype>java.lang.String</datatype>
		</businessField>
		<businessField>
		  <businessFieldID>
			<solution>WINDCHILL</solution>
			<namespace>
			  <category>type</category>
			  <name>com.ptc.DesignCADDrw</name>
			</namespace>
			<name>KB_DESCRIPTION_EN</name>
		  </businessFieldID>
		  <datatype>java.lang.String</datatype>
		</businessField>
		<businessField>
		  <businessFieldID>
			<solution>WINDCHILL</solution>
			<namespace>
			  <category>type</category>
			  <name>com.ptc.DesignCADDrw</name>
			</namespace>
			<name>KB_MATERIAL_PRIMARY</name>
		  </businessFieldID>
		  <datatype>java.lang.String</datatype>
		</businessField>
		<businessField>
		  <businessFieldID>
			<solution>WINDCHILL</solution>
			<namespace>
			  <category>type</category>
			  <name>com.ptc.DesignCADDrw</name>
			</namespace>
			<name>KB_ORDER_NUM</name>
		  </businessFieldID>
		  <datatype>java.lang.String</datatype>
		</businessField>
		<businessField>
		  <businessFieldID>
			<solution>WINDCHILL</solution>
			<namespace>
			  <category>type</category>
			  <name>com.ptc.DesignCADDrw</name>
			</namespace>
			<name>KB_CREATED_BY</name>
		  </businessFieldID>
		  <datatype>java.lang.String</datatype>
		</businessField>
		<businessField>
		  <businessFieldID>
			<solution>WINDCHILL</solution>
			<namespace>
			  <category>type</category>
			  <name>com.ptc.DesignCADDrw</name>
			</namespace>
			<name>KB_CHANGE_TEXT</name>
		  </businessFieldID>
		  <datatype>java.lang.String</datatype>
		</businessField>
		<businessField>
		  <businessFieldID>
			<solution>WINDCHILL</solution>
			<namespace>
			  <category>type</category>
			  <name>com.ptc.DesignCADDrw</name>
			</namespace>
			<name>KB_DESCRIPTION2_NATIVE</name>
		  </businessFieldID>
		  <datatype>java.lang.String</datatype>
		</businessField>
		<businessField>
		  <businessFieldID>
			<solution>WINDCHILL</solution>
			<namespace>
			  <category>type</category>
			  <name>com.ptc.DesignCADDrw</name>
			</namespace>
			<name>KB_REPLACED_BY</name>
		  </businessFieldID>
		  <datatype>java.lang.String</datatype>
		</businessField>
		<businessField>
		  <businessFieldID>
			<solution>WINDCHILL</solution>
			<namespace>
			  <category>type</category>
			  <name>com.ptc.DesignCADDrw</name>
			</namespace>
			<name>KB_SURFACE</name>
		  </businessFieldID>
		  <datatype>java.lang.String</datatype>
		</businessField>
		<businessField>
		  <businessFieldID>
			<solution>WINDCHILL</solution>
			<namespace>
			  <category>type</category>
			  <name>com.ptc.DesignCADDrw</name>
			</namespace>
			<name>KB_DATE_FORMAT</name>
		  </businessFieldID>
		  <datatype>java.lang.String</datatype>
		  <value>yyyy-MM-dd</value>
		</businessField>
		<businessField>
		  <businessFieldID>
			<solution>WINDCHILL</solution>
			<namespace>
			  <category>type</category>
			  <name>com.ptc.DesignCADDrw</name>
			</namespace>
			<name>KB_CSM_PART_CLASSIFICATION</name>
		  </businessFieldID>
		  <datatype>java.lang.String</datatype>
		</businessField>
		<businessField>
		  <businessFieldID>
			<solution>WINDCHILL</solution>
			<namespace>
			  <category>type</category>
			  <name>com.ptc.DesignCADDrw</name>
			</namespace>
			<name>KB_NUM_OF_CC</name>
		  </businessFieldID>
		  <datatype>java.lang.Long</datatype>
		</businessField>
		<businessField>
		  <businessFieldID>
			<solution>WINDCHILL</solution>
			<namespace>
			  <category>type</category>
			  <name>com.ptc.DesignCADDrw</name>
			</namespace>
			<name>KB_WEIGHT_CALCULATED</name>
		  </businessFieldID>
		  <datatype>com.ptc.core.meta.common.FloatingPoint</datatype>
		</businessField>
		<businessField>
		  <businessFieldID>
			<solution>WINDCHILL</solution>
			<namespace>
			  <category>type</category>
			  <name>com.ptc.DesignCADDrw</name>
			</namespace>
			<name>KB_FOREIGN_ARTICLE_NUM</name>
		  </businessFieldID>
		  <datatype>java.lang.String</datatype>
		</businessField>
		<businessField>
		  <businessFieldID>
			<solution>WINDCHILL</solution>
			<namespace>
			  <category>type</category>
			  <name>com.ptc.DesignCADDrw</name>
			</namespace>
			<name>KB_WM_IS_ASSEMBLY</name>
		  </businessFieldID>
		  <datatype>java.lang.Boolean</datatype>
		</businessField>
		<businessField>
		  <businessFieldID>
			<solution>WINDCHILL</solution>
			<namespace>
			  <category>type</category>
			  <name>com.ptc.DesignCADDrw</name>
			</namespace>
			<name>KB_WELD_CLASS</name>
		  </businessFieldID>
		  <datatype>java.lang.String</datatype>
		</businessField>
		<businessField>
		  <businessFieldID>
			<solution>WINDCHILL</solution>
			<namespace>
			  <category>type</category>
			  <name>com.ptc.DesignCADDrw</name>
			</namespace>
			<name>KB_CAD_QUANTITY_UNIT</name>
		  </businessFieldID>
		  <datatype>java.lang.String</datatype>
		</businessField>
		<businessField>
		  <businessFieldID>
			<solution>WINDCHILL</solution>
			<namespace>
			  <category>type</category>
			  <name>com.ptc.DesignCADDrw</name>
			</namespace>
			<name>KB_MATERIAL_STANDARD</name>
		  </businessFieldID>
		  <datatype>java.lang.String</datatype>
		  <value>-</value>
		</businessField>
		<businessField>
		  <businessFieldID>
			<solution>WINDCHILL</solution>
			<namespace>
			  <category>type</category>
			  <name>com.ptc.DesignCADDrw</name>
			</namespace>
			<name>KB_TYPE_DESIGNATION</name>
		  </businessFieldID>
		  <datatype>java.lang.String</datatype>
		</businessField>
		<businessField>
		  <businessFieldID>
			<solution>WINDCHILL</solution>
			<namespace>
			  <category>type</category>
			  <name>com.ptc.DesignCADDrw</name>
			</namespace>
			<name>KB_ADDIT_TEXT</name>
		  </businessFieldID>
		  <datatype>java.lang.String</datatype>
		</businessField>
		<businessField>
		  <businessFieldID>
			<solution>WINDCHILL</solution>
			<namespace>
			  <category>type</category>
			  <name>com.ptc.DesignCADDrw</name>
			</namespace>
			<name>MODEL_CHECK</name>
		  </businessFieldID>
		  <datatype>java.lang.String</datatype>
		</businessField>
		<businessField>
		  <businessFieldID>
			<solution>WINDCHILL</solution>
			<namespace>
			  <category>type</category>
			  <name>com.ptc.DesignCADDrw</name>
			</namespace>
			<name>KB_CAR_OPERATOR_DRW_NUM</name>
		  </businessFieldID>
		  <datatype>java.lang.String</datatype>
		</businessField>
		<businessField>
		  <businessFieldID>
			<solution>WINDCHILL</solution>
			<namespace>
			  <category>type</category>
			  <name>com.ptc.DesignCADDrw</name>
			</namespace>
			<name>KB_DWG_SIZE</name>
		  </businessFieldID>
		  <datatype>java.lang.String</datatype>
		</businessField>
		<businessField>
		  <businessFieldID>
			<solution>WINDCHILL</solution>
			<namespace>
			  <category>type</category>
			  <name>com.ptc.DesignCADDrw</name>
			</namespace>
			<name>KB_NUM_OF_PAGES</name>
		  </businessFieldID>
		  <datatype>java.lang.Long</datatype>
		  <value>0</value>
		</businessField>
		<businessField>
		  <businessFieldID>
			<solution>WINDCHILL</solution>
			<namespace>
			  <category>type</category>
			  <name>com.ptc.DesignCADDrw</name>
			</namespace>
			<name>MC_ERRORS</name>
		  </businessFieldID>
		  <datatype>java.lang.Long</datatype>
		</businessField>
		<businessField>
		  <businessFieldID>
			<solution>WINDCHILL</solution>
			<namespace>
			  <category>type</category>
			  <name>com.ptc.DesignCADDrw</name>
			</namespace>
			<name>KB_BOND_CLASS</name>
		  </businessFieldID>
		  <datatype>java.lang.String</datatype>
		</businessField>
		<businessField>
		  <businessFieldID>
			<solution>WINDCHILL</solution>
			<namespace>
			  <category>type</category>
			  <name>com.ptc.DesignCADDrw</name>
			</namespace>
			<name>KB_CHANGE_INDEX</name>
		  </businessFieldID>
		  <datatype>java.lang.String</datatype>
		</businessField>
		<businessField>
		  <businessFieldID>
			<solution>WINDCHILL</solution>
			<namespace>
			  <category>type</category>
			  <name>com.ptc.DesignCADDrw</name>
			</namespace>
			<name>KB_ORIGIN</name>
		  </businessFieldID>
		  <datatype>java.lang.String</datatype>
		</businessField>
		<businessField>
		  <businessFieldID>
			<solution>WINDCHILL</solution>
			<namespace>
			  <category>type</category>
			  <name>com.ptc.DesignCADDrw</name>
			</namespace>
			<name>KB_DRW_NUM</name>
		  </businessFieldID>
		  <datatype>java.lang.String</datatype>
		</businessField>
		<businessField>
		  <businessFieldID>
			<solution>WINDCHILL</solution>
			<namespace>
			  <category>type</category>
			  <name>com.ptc.DesignCADDrw</name>
			</namespace>
			<name>KB_ARTICLE_NUM_OF_ASM</name>
		  </businessFieldID>
		  <datatype>java.lang.String</datatype>
		</businessField>
		<businessField>
		  <businessFieldID>
			<solution>WINDCHILL</solution>
			<namespace>
			  <category>type</category>
			  <name>com.ptc.DesignCADDrw</name>
			</namespace>
			<name>KB_CREATED_DATE</name>
		  </businessFieldID>
		  <datatype>java.lang.String</datatype>
		</businessField>
		<businessField>
		  <businessFieldID>
			<solution>WINDCHILL</solution>
			<namespace>
			  <category>type</category>
			  <name>com.ptc.DesignCADDrw</name>
			</namespace>
			<name>KB_SUITABLE_FOR</name>
		  </businessFieldID>
		  <datatype>java.lang.String</datatype>
		</businessField>
		<businessField>
		  <businessFieldID>
			<solution>WINDCHILL</solution>
			<namespace>
			  <category>type</category>
			  <name>com.ptc.DesignCADDrw</name>
			</namespace>
			<name>KB_WEIGHT_UNIT</name>
		  </businessFieldID>
		  <datatype>java.lang.String</datatype>
		  <value>kg</value>
		</businessField>
		<businessField>
		  <businessFieldID>
			<solution>WINDCHILL</solution>
			<namespace>
			  <category>type</category>
			  <name>com.ptc.DesignCADDrw</name>
			</namespace>
			<name>KB_ADDIT_TEXT_EN</name>
		  </businessFieldID>
		  <datatype>java.lang.String</datatype>
		</businessField>
		<businessField>
		  <businessFieldID>
			<solution>WINDCHILL</solution>
			<namespace>
			  <category>type</category>
			  <name>com.ptc.DesignCADDrw</name>
			</namespace>
			<name>KB_RELEASED_DATE</name>
		  </businessFieldID>
		  <datatype>java.lang.String</datatype>
		</businessField>
		<businessField>
		  <businessFieldID>
			<solution>WINDCHILL</solution>
			<namespace>
			  <category>type</category>
			  <name>com.ptc.DesignCADDrw</name>
			</namespace>
			<name>KB_BOUNDING_BOX</name>
		  </businessFieldID>
		  <datatype>java.lang.String</datatype>
		</businessField>
		<businessField>
		  <businessFieldID>
			<solution>WINDCHILL</solution>
			<namespace>
			  <category>type</category>
			  <name>com.ptc.DesignCADDrw</name>
			</namespace>
			<name>MC_VERIFIED</name>
		  </businessFieldID>
		  <datatype>java.lang.Boolean</datatype>
		</businessField>
		<businessField>
		  <businessFieldID>
			<solution>WINDCHILL</solution>
			<namespace>
			  <category>type</category>
			  <name>com.ptc.DesignCADDrw</name>
			</namespace>
			<name>KB_INTERNAL_REVISION</name>
		  </businessFieldID>
		  <datatype>java.lang.String</datatype>
		  <value>A</value>
		</businessField>
		<businessField>
		  <businessFieldID>
			<solution>WINDCHILL</solution>
			<namespace>
			  <category>type</category>
			  <name>com.ptc.DesignCADDrw</name>
			</namespace>
			<name>KB_SUPPLIER</name>
		  </businessFieldID>
		  <datatype>java.lang.String</datatype>
		</businessField>
		<businessField>
		  <businessFieldID>
			<solution>WINDCHILL</solution>
			<namespace>
			  <category>type</category>
			  <name>com.ptc.DesignCADDrw</name>
			</namespace>
			<name>KB_TRANSLATION2_ID</name>
		  </businessFieldID>
		  <datatype>java.lang.String</datatype>
		</businessField>
		<businessField>
		  <businessFieldID>
			<solution>WINDCHILL</solution>
			<namespace>
			  <category>type</category>
			  <name>com.ptc.DesignCADDrw</name>
			</namespace>
			<name>KB_PHANTOM</name>
		  </businessFieldID>
		  <datatype>java.lang.Boolean</datatype>
		  <value>false</value>
		</businessField>
		<businessField>
		  <businessFieldID>
			<solution>WINDCHILL</solution>
			<namespace>
			  <category>type</category>
			  <name>com.ptc.DesignCADDrw</name>
			</namespace>
			<name>KB_TRANSLATION_ID</name>
		  </businessFieldID>
		  <datatype>java.lang.String</datatype>
		</businessField>
		<businessField>
		  <businessFieldID>
			<solution>WINDCHILL</solution>
			<namespace>
			  <category>type</category>
			  <name>com.ptc.DesignCADDrw</name>
			</namespace>
			<name>KB_LANGUAGE</name>
		  </businessFieldID>
		  <datatype>java.lang.String</datatype>
		</businessField>
		<businessField>
		  <businessFieldID>
			<solution>WINDCHILL</solution>
			<namespace>
			  <category>type</category>
			  <name>com.ptc.DesignCADDrw</name>
			</namespace>
			<name>KB_SUPPL_TEXT</name>
		  </businessFieldID>
		  <datatype>java.lang.String</datatype>
		</businessField>
	  </businessFields>
	  <isMissingDependents>false</isMissingDependents>
	  <AdHocACLEntrySet></AdHocACLEntrySet>
	  <SecurityLabels></SecurityLabels>
	  <TemplatedTemplate>true</TemplatedTemplate>
	  <EnabledTemplate>true</EnabledTemplate>
	</EPMDocument>
</EPMDocumentTemplate>