<?xml version="1.0"?>
<!DOCTYPE listofactions SYSTEM '../../actions.dtd'>
<listofactions>
    <!-- Recreate delete.object action in order to apply action validation, which general delete action is not going to have -->
    <objecttype name="suma" resourceBundle="com.ptc.windchill.suma.jca.jcaResource">
        <action name="suma_delete_object" selectRequired="true" ajax="row" uicomponent="DELETE" ajaxActionClass="netmarkets/jsp/object/delete.jsp?refresh=true">
            <command class="com.ptc.netmarkets.model.NmObjectCommands" method="delete" onClick="JCAConfirm(event,'com.ptc.netmarkets.util.utilResource.CONFIRM_DELETE')" />
        </action>
        <action name="suma_delete_info" selectRequired="true"  uicomponent="DELETE">
            <command class="com.ptc.windchill.suma.netmarkets.npi.NmNpiCommands" method="delete" onClick="JCAConfirm(event,'com.ptc.netmarkets.util.utilResource.CONFIRM_DELETE')" />
        </action>
        <action name="sumaChangeTree" uicomponent="SUMA_CHANGE_TREE" description="Change suma tree">
            <component name="suma.change.tree" />
        </action>
        <action name="delete_supplier" selectRequired="true" ajax="row" uicomponent="CREATE_EDIT_DELETE_SUPPLIER" ajaxActionClass="netmarkets/jsp/object/delete.jsp?refresh=true">
            <command class="com.ptc.netmarkets.model.NmObjectCommands" method="delete" onClick="JCAConfirm(event,'com.ptc.netmarkets.util.utilResource.CONFIRM_DELETE')" />
        </action>
        <action name="delete_supplier_info" selectRequired="true"  uicomponent="CREATE_EDIT_DELETE_SUPPLIER">
            <command class="com.ptc.windchill.suma.netmarkets.npi.NmNpiCommands" method="delete" onClick="JCAConfirm(event,'com.ptc.netmarkets.util.utilResource.CONFIRM_DELETE')" />
        </action>
    </objecttype>
    <objecttype name="supplier" class="com.ptc.windchill.suma.supplier.Supplier" resourceBundle="com.ptc.windchill.suma.jca.jcaResource">
        <action name="list" checkaccess="true">
            <command url="/netmarkets/jsp/suma/supplier/list.jsp" windowType="page" />
        </action>
        <!-- supplier create wizard -->
        <action name="create" uicomponent="CREATE_EDIT_DELETE_SUPPLIER">
            <command class="com.ptc.windchill.suma.jca.processor.CreateSupplierFormProcessor" url="/netmarkets/jsp/suma/supplier/create.jsp" method="execute" windowType="popup" />
        </action>
        <action name="create_supplier_step" required="true">
            <command url="/netmarkets/jsp/suma/supplier/create_supplier_step.jsp" windowType="wizards_step" />
        </action>
        <!-- supplier edit wizard -->
        <action name="edit" uicomponent="CREATE_EDIT_DELETE_SUPPLIER">
            <command class="com.ptc.core.components.forms.DefaultEditFormProcessor" url="/netmarkets/jsp/suma/supplier/edit.jsp" method="execute" windowType="popup" />
        </action>
        <action name="edit_details_step" required="true">
            <command url="/netmarkets/jsp/suma/supplier/edit_details_step.jsp" windowType="wizards_step" />
        </action>
        <!-- supplier contacts -->
        <action name="contacts" checkaccess="true">
            <component name="suma.supplier.contact.list" windowType="page" />
        </action>
        <action name="documents" checkaccess="true">
            <component name="suma.supplier.documents" windowType="page" />
        </action>
        <action name="add_document" checkaccess="true">
            <command class="com.ptc.windchill.suma.jca.processor.SupplierAddDocumentFormProcessor" method="execute" url="/netmarkets/jsp/suma/supplier/add_document.jsp" windowType="popup" />
        </action>
        <action name="remove_document" selectRequired="true" checkaccess="true">
            <command class="com.ptc.windchill.suma.jca.processor.SupplierRemoveDocumentFormProcessor" method="execute" onClick="JCAConfirm(event,&apos;com.ptc.core.ui.confirmationMessagesRB.DELETE&apos;)" />
        </action>
        <action name="parts" checkaccess="true">
            <component name="suma.supplier.parts" windowType="page" />
        </action>
        <action name="details" checkaccess="true" resourceBundle="com.ptc.windchill.suma.sumaResource">
            <command class="supplier" method="details" windowType="page" />
        </action>
        <action name="reports" checkaccess="true" resourceBundle="com.ptc.windchill.suma.sumaResource">
            <command class="supplier" method="reports" windowType="page" />
        </action>
        <action name="contexts" checkaccess="true" resourceBundle="com.ptc.windchill.suma.sumaResource">
            <command class="supplier" method="contexts" windowType="page" />
        </action>
        <action name="rules" checkaccess="true" resourceBundle="com.ptc.windchill.suma.sumaResource">
            <command class="supplier" method="rules" windowType="page" />
        </action>
        <action name="administrators" checkaccess="true" resourceBundle="com.ptc.windchill.suma.sumaResource">
            <command class="supplier" method="administrators" windowType="page" />
        </action>
        <!-- vendor line report wizard -->
        <action name="vendor_line_report_all" selectRequired="true">
            <command url="/netmarkets/jsp/suma/supplier/vendorReport.jsp" method="execute" windowType="popup" />
        </action>
        <action name="vendor_line_report_vendor" selectRequired="true">
            <command url="/netmarkets/jsp/suma/supplier/vendorReport.jsp" method="execute" windowType="popup" />
        </action>
    </objecttype>
    <!-- Vendor -->
    <objecttype name="vendor" class="com.ptc.windchill.suma.supplier.Supplier" resourceBundle="com.ptc.windchill.suma.jca.jcaResource">
        <action name="remove_vendor" selectRequired="true" checkaccess="true" ajax="row">
            <command class="" method="" onClick="confirmAndRemoveVendor( event )" />
        </action>
        <action name="add_vendor" checkaccess="true">
            <command url="/netmarkets/jsp/suma/supplier/add_vendor.jsp" method="execute" windowType="popup" />
        </action>
        <action name="report_vendor_select_picker_step" required="false" afterJS="unloadThisStep">
            <command url="/netmarkets/jsp/suma/supplier/report_vendor_select_picker_step.jsp" windowType="wizards_step" />
        </action>
        <action name="report_vendor_result_step" required="false" preloadWizardPage="false">
            <command url="/netmarkets/jsp/suma/supplier/report_vendor_result_step.jsp" windowType="wizards_step" />
        </action>
    </objecttype>
    <!-- Sourcing Rules -->
    <objecttype name="axlrule" class="com.ptc.windchill.suma.axlrule.AXLPolicyRuleSet" resourceBundle="com.ptc.windchill.suma.jca.jcaResource">
        <action name="list" checkaccess="true">
            <command url="/netmarkets/jsp/suma/axlrule/list.jsp" windowType="page"/>
        </action>
        <action name="enable" checkaccess="true" selectRequired="true">
            <command class="com.ptc.windchill.suma.jca.util.SumaJcaCommand" method="enable" />
        </action>
        <action name="disable" checkaccess="true" selectRequired="true">
            <command class="com.ptc.windchill.suma.jca.util.SumaJcaCommand" method="disable" />
        </action>
        <action name="execute" checkaccess="true" selectRequired="true">
            <command class="com.ptc.windchill.suma.jca.util.SumaJcaCommand" method="execute" />
        </action>
        <action name="refresh" checkaccess="true" selectRequired="true">
            <command onClick="refreshRulesTable( event )" />
        </action>
        <action name="create" checkaccess="true">
            <command class="com.ptc.windchill.suma.jca.processor.CreateSourcingRuleFormProcessor" url="/netmarkets/jsp/suma/axlrule/create.jsp" method="execute" windowType="popup" />
        </action>
        <action name="create_details_step" required="true" afterJS="PTC.suma.copyAssignmentTable">
            <command url="/netmarkets/jsp/suma/axlrule/create_details_step.jsp" windowType="wizards_step" />
        </action>
        <action name="edit" checkaccess="true">
            <command class="com.ptc.windchill.suma.jca.processor.EditSourcingRuleFormProcessor" url="/netmarkets/jsp/suma/axlrule/edit.jsp" method="execute" windowType="popup" />
        </action>
        <action name="edit_details_step" required="true" afterJS="PTC.suma.copyAssignmentTable">
            <command url="/netmarkets/jsp/suma/axlrule/edit_details_step.jsp" windowType="wizards_step" />
        </action>
        <action name="sourcingRuleStatusAssignment">
            <component name="suma.axlrule.assignments.list" windowType="page" />
        </action>
    </objecttype>
    <!-- Sourcing Rule Assignment -->
    <objecttype name="axlruleassignment" class="com.ptc.windchill.suma.axlrule.AXLPolicyRule" resourceBundle="com.ptc.windchill.suma.jca.jcaResource">
        <action name="remove" renderType="GENERAL" selectRequired="true">
            <command windowType="no_content" onClick="PTC.suma.removeAssignmentTableRows( event )" />
        </action>
        <action name="create" checkaccess="true" ajax="row">
            <command class="com.ptc.windchill.suma.jca.processor.CreateSourcingStatusAssignmentFormProcessor" url="/netmarkets/jsp/suma/axlrule/create_assignment.jsp" method="execute" windowType="new" />
        </action>
        <action name="create_details_step" required="true">
            <command url="/netmarkets/jsp/suma/axlrule/create_assignment_details_step.jsp" windowType="wizards_step" />
        </action>
        <action name="edit" checkaccess="true">
            <command class="com.ptc.windchill.suma.jca.processor.EditSourcingStatusAssignmentFormProcessor" url="/netmarkets/jsp/suma/axlrule/edit_assignment.jsp" method="execute" windowType="new" />
        </action>
        <action name="edit_details_step" required="true">
            <command url="/netmarkets/jsp/suma/axlrule/edit_assignment_details_step.jsp" windowType="wizards_step" />
        </action>
        <action name="modify" checkaccess="true" selectRequired="true" ajax="row">
            <command class="com.ptc.windchill.suma.jca.processor.ModifySourcingStatusAssignmentFormProcessor" url="/netmarkets/jsp/suma/axlrule/modify.jsp" method="execute" windowType="popup" />
        </action>
        <action name="modify_details_step" required="true">
            <command url="/netmarkets/jsp/suma/axlrule/modify_details_step.jsp" windowType="wizards_step" />
        </action>
        <action name="up" checkaccess="true" ajax="row">
            <command class="com.ptc.windchill.suma.jca.processor.IncreaseAssignmentPriorityFormProcessor" method="execute" />
        </action>
        <action name="down" checkaccess="true" ajax="row">
            <command class="com.ptc.windchill.suma.jca.processor.DecreaseAssignmentPriorityFormProcessor" method="execute" />
        </action>
        <action name="top" checkaccess="true" ajax="row">
            <command class="com.ptc.windchill.suma.jca.processor.TopAssignmentPriorityFormProcessor" method="execute" />
        </action>
        <action name="bottom" checkaccess="true" ajax="row">
            <command class="com.ptc.windchill.suma.jca.processor.LowestAssignmentPriorityFormProcessor" method="execute" />
        </action>
    </objecttype>
    <!-- aml/avl -->
    <objecttype name="axlentry" class="com.ptc.windchill.suma.axl.AXLEntry" resourceBundle="com.ptc.windchill.suma.jca.jcaResource">
        <!--  display aml/avl table -->
        <action name="list" checkaccess="true" uicomponent="THIRD_LEVEL_AXL">
            <command url="/netmarkets/jsp/suma/axlentry/list.jsp" />
        </action>
        <!--  display aml/avl for all contexts -->
        <action name="allcontext" checkaccess="true" uicomponent="THIRD_LEVEL_AXL">
            <component name="suma.axlentry.allcontext" windowType="page" />
        </action>
        <!-- add avl wizard -->
        <action name="add_avl" uicomponent="ADD_AML_AVL">
            <command class="com.ptc.windchill.suma.jca.processor.CreateAVLFormProcessor" url="/netmarkets/jsp/suma/axlentry/add_avl.jsp?invokedfrom=aml_avl_table" method="execute" windowType="popup" />
        </action>
        <action name="add_avl_vdr_part_picker_step" required="true">
            <command url="/netmarkets/jsp/suma/axlentry/add_avl_vdr_part_picker_step.jsp" windowType="wizards_step" />
        </action>
        <!-- add aml wizard -->
        <action name="add_aml" uicomponent="ADD_AML_AVL">
            <command class="com.ptc.windchill.suma.jca.processor.CreateAXLFormProcessor" url="/netmarkets/jsp/suma/axlentry/add_aml.jsp?invokedfrom=aml_avl_table" method="execute" windowType="popup" />
        </action>
        <action name="add_aml_mfr_part_picker_step" required="true">
            <command url="/netmarkets/jsp/suma/axlentry/add_aml_mfr_part_picker_step.jsp" windowType="wizards_step" />
        </action>
        <action name="add_aml_vdr_part_picker_step" required="false">
            <command url="/netmarkets/jsp/suma/axlentry/add_aml_vdr_part_picker_step.jsp" windowType="wizards_step" />
        </action>
        <!-- inmemory js action for vdr part table -->
        <action name="remove_avl" selectRequired="true" checkaccess="true" ajax="row">
            <command class="" method="" onClick="confirmAndRemoveAvl( event )" />
        </action>
        <!-- picker for add avl step -->
        <action name="axl_add_avl">
            <command class="" method="" windowType="popup" url="/netmarkets/jsp/suma/axlentry/axl_add_avl.jsp" />
        </action>
        <!-- modify aml wizard -->
        <action name="modify_aml" selectRequired="true" checkaccess="true" uicomponent="EDIT_SOURCING_CONTEXT_AML_AVL">
            <command class="com.ptc.windchill.suma.jca.processor.ModifyAmlFormProcessor" method="execute" windowType="popup" url="/netmarkets/jsp/suma/axlentry/modify_aml.jsp" />
        </action>
        <action name="modify_aml_step">
            <command url="/netmarkets/jsp/suma/axlentry/modify_aml_step.jsp?modifyAML=true" windowType="wizards_step" />
        </action>
        <!-- modify avl wizard -->
        <action name="modify_avl" selectRequired="true" checkaccess="true" uicomponent="EDIT_SOURCING_CONTEXT_AML_AVL">
            <command class="com.ptc.windchill.suma.jca.processor.ModifyAvlFormProcessor" method="execute" windowType="popup" url="/netmarkets/jsp/suma/axlentry/modify_avl.jsp" />
        </action>
        <action name="modify_avl_step">
            <command url="/netmarkets/jsp/suma/axlentry/modify_avl_step.jsp" windowType="wizards_step" />
        </action>
        <!-- modify avl action for avl list table -->
        <action name="vdr_modify_avl" selectRequired="true" checkaccess="true" uicomponent="EDIT_SOURCING_CONTEXT_AML_AVL">
            <command class="com.ptc.windchill.suma.jca.processor.VendorPartTableModifyAvlFormProcessor" method="execute" windowType="popup" url="/netmarkets/jsp/suma/axlentry/vdr_modify_avl.jsp" />
        </action>
        <action name="vdr_modify_avl_step">
            <command url="/netmarkets/jsp/suma/axlentry/vdr_modify_avl_step.jsp" windowType="wizards_step" />
        </action>
        <!-- row modify avl wizard -->
        <action name="row_modify_avl" selectRequired="true"  uicomponent="ADD_AML_AVL">
            <command class="com.ptc.windchill.suma.jca.processor.RowModifyAVLFormProcessor" url="/netmarkets/jsp/suma/axlentry/row_modify_avl.jsp" method="execute" windowType="popup" />
        </action>
        <action name="row_modify_avl_step">
            <command url="/netmarkets/jsp/suma/axlentry/row_modify_avl_step.jsp" windowType="wizards_step" />
        </action>
        <!-- find/add to recent context picker -->
        <action name="add_axl_context">
            <command class="" method="" url="/netmarkets/jsp/suma/axlentry/add_axl_context.jsp" windowType="popup" />
        </action>
        <!--  delete -->
        <action name="delete_axl" checkaccess="true" selectRequired="true" uicomponent="REMOVE_AML_AVL">
            <command class="com.ptc.windchill.suma.jca.processor.DeleteAXLFormProcessor" method="execute" onClick="JCAConfirm(event,&apos;com.ptc.core.ui.confirmationMessagesRB.DELETE&apos;)" />
        </action>
        <!-- saveas -->
        <action name="save_as" uicomponent="ADD_AML_AVL" ajax="page">
            <command class="com.ptc.windchill.suma.jca.processor.SaveAsFormProcessor" method="execute" url="/netmarkets/jsp/suma/axlentry/save_as.jsp" windowType="new" />
        </action>
        <action name="save_as_step" afterJS="saveas_confirm_override">
            <command url="/netmarkets/jsp/suma/axlentry/save_as_step.jsp" windowType="wizards_step" />
        </action>
        <action name="cancelButton" id="PJL_wizard_cancel">
            <command class="" method="" windowType="page" url="javascript:revertToPreviousState()"/>
        </action>
        <action name="applyButton" id="PJL_wizard_apply">
            <command class="" method="" windowType="page" url="javascript:changeOnApplyButtonClick()"/>
        </action>
        <action name="create_associate_new_supplier_part" uicomponent="ADD_AML_AVL">
            <command class="com.ptc.windchill.suma.jca.processor.CreateAssociateSupplierPartProcessor" url="/netmarkets/jsp/part/createPartWizard.jsp?invokedfrom=aml_avl_table&amp;suma_part_type=SupplierPart" method="execute" windowType="popup" onClick="validateMultiAMLSelection(event)"/>
        </action>

        <!-- OEM part 3rd lvl nav - History::AML/AVL Changes -->
        <action name="axlhistory" uicomponent="THIRD_LEVEL_AXL">
            <component name="suma.oempart.axlhistory" windowType="page" />
        </action>
    </objecttype>
    <!-- sourcing context -->
    <objecttype name="axlcontext" class="com.ptc.windchill.suma.axl.AXLContext" resourceBundle="com.ptc.windchill.suma.jca.jcaResource">
        <action name="list" checkaccess="true">
            <!--component name="suma.axlcontext.list" windowType="page"/-->
            <command url="/netmarkets/jsp/suma/axlcontext/list.jsp" windowType="page"/>
        </action>
        <!-- create wizard -->
        <action name="create">
            <command class="com.ptc.windchill.suma.jca.processor.CreateAXLContextFormProcessor" url="/netmarkets/jsp/suma/axlcontext/create.jsp" method="execute" windowType="popup" />
        </action>
        <action name="define_item_wizard_step" preloadWizardPage="true" required="true">
            <command url="/netmarkets/jsp/suma/axlcontext/defineitem.jsp" windowType="wizards_step" />
        </action>
        <action name="create_details_step" preloadWizardPage="false" required="true">
            <command url="/netmarkets/jsp/suma/axlcontext/create_details_step.jsp" windowType="wizards_step" />
        </action>
        <!-- edit wizard -->
        <action name="edit">
            <command class="com.ptc.core.components.forms.DefaultEditFormProcessor" url="/netmarkets/jsp/suma/axlcontext/edit.jsp" method="execute" windowType="popup" />
        </action>
        <action name="edit_details_step" required="true">
            <command url="/netmarkets/jsp/suma/axlcontext/edit_details_step.jsp" windowType="wizards_step" />
        </action>
        <!-- rename wizard -->
        <action name="rename">
            <command class="com.ptc.windchill.suma.jca.processor.RenameAXLContextFormProcessor" url="/netmarkets/jsp/suma/axlcontext/rename.jsp" method="execute" windowType="popup" />
        </action>
        <action name="rename_step" required="true">
            <command url="/netmarkets/jsp/suma/axlcontext/rename_step.jsp" windowType="wizards_step" />
        </action>
    </objecttype>
    <!-- supplier contact -->
    <objecttype name="contact" class="com.ptc.windchill.suma.supplier.Contact" resourceBundle="com.ptc.windchill.suma.jca.jcaResource">
        <!-- create wizard -->
        <action name="create">
            <command class="com.ptc.windchill.suma.jca.processor.CreateSupplierContactFormProcessor" url="/netmarkets/jsp/suma/supplier/contact/create.jsp" method="execute" windowType="popup" />
        </action>
        <action name="create_details_step" required="true">
            <command url="/netmarkets/jsp/suma/supplier/contact/create_details_step.jsp" windowType="wizards_step" />
        </action>
        <!-- edit wizard -->
        <action name="edit">
            <command class="com.ptc.core.components.forms.DefaultEditFormProcessor" url="/netmarkets/jsp/suma/supplier/contact/edit.jsp" method="execute" windowType="popup" />
        </action>
        <action name="edit_details_step" required="true">
            <command url="/netmarkets/jsp/suma/supplier/contact/edit_details_step.jsp" windowType="wizards_step" />
        </action>
    </objecttype>
    <!-- part request -->
    <objecttype name="npi" class="com.ptc.windchill.suma.npi.WTPartRequest">
        <action name="create_request" resourceBundle="com.ptc.windchill.suma.sumaResource">
            <command class="com.ptc.windchill.suma.netmarkets.npi.NewPartRequestCreateFormProcessor" method="execute" windowType="popup" />
        </action>
        <action name="details_step" required="true" preloadWizardPage="false" resourceBundle="com.ptc.windchill.suma.sumaResource">
            <command class="" method="" windowType="wizards_step" />
        </action>
        <action name="attachments_step" resourceBundle="com.ptc.windchill.suma.sumaResource">
            <command class="" method="" windowType="wizards_step" />
        </action>
        <action name="related_parts_step" resourceBundle="com.ptc.windchill.suma.sumaResource">
            <command class="" method="" windowType="wizards_step" />
        </action>
        <action name="edit" resourceBundle="com.ptc.windchill.suma.sumaResource">
            <command class="com.ptc.windchill.suma.netmarkets.npi.NewPartRequestEditFormProcessor" method="execute" windowType="popup" onClick="onClickValidation(event,'checkout')" />
        </action>
        <action name="details_edit_step" resourceBundle="com.ptc.windchill.suma.sumaResource">
            <command class="" method="" windowType="wizards_step" />
        </action>
        <action name="related_parts_edit_step" beforeJS="setRemoveResultantPart" resourceBundle="com.ptc.windchill.suma.sumaResource">
            <command class="" method="" windowType="wizards_step" />
        </action>
        <action name="add_related_part" resourceBundle="com.ptc.windchill.suma.sumaResource">
            <command class="" method="" windowType="popup" />
        </action>
        <action name="cancel_request" resourceBundle="com.ptc.windchill.suma.sumaResource">
            <command class="com.ptc.windchill.suma.netmarkets.npi.NmNpiCommands" method="cancelRequest" />
        </action>
        <action name="submit_request" resourceBundle="com.ptc.windchill.suma.sumaResource">
            <command class="com.ptc.windchill.suma.netmarkets.npi.NmNpiCommands" method="submitRequest" />
        </action>
        <action name="related_parts" resourceBundle="com.ptc.windchill.suma.sumaResource">
            <command class="" method="" windowType="page" />
        </action>
        <action name="resultant_part" resourceBundle="com.ptc.windchill.suma.sumaResource">
            <command class="" method="" windowType="page" />
        </action>
        <action name="revise_request" resourceBundle="com.ptc.windchill.suma.sumaResource">
            <command class="com.ptc.windchill.suma.netmarkets.npi.NmNpiCommands" method="reviseRequest"/>
        </action>
    </objecttype>
    <!-- organization -->
    <objecttype name="wtorg" class="wt.org.WTOrganization" resourceBundle="com.ptc.windchill.suma.jca.jcaResource">
        <action name="create_from_supplier">
            <description>Create a WTOrg from the New Supplier (Supplier Admin)</description>
            <command class="com.ptc.windchill.suma.jca.processor.CreateSumaWTOrgFormProcessor" url="/netmarkets/jsp/suma/wtorg/create_from_supplier.jsp" method="execute" windowType="popup" />
        </action>
    </objecttype>
     <objecttype name="object" class="wt.fc.Persistable">
        <action name="amlwhereused_copy" multiselect="true" selectRequired="true" ajax="row" uicomponent="COPY" resourceBundle="com.ptc.windchill.suma.sumaResource">
        <command class="com.ptc.windchill.enterprise.object.commands.WhereUsedCopyCommand" method="list_copy"/>
        <includeFilter name="projectM4D"/>
        <includeFilter name="hideFromNonAgreementMgrs"/>
      </action>
     </objecttype>
</listofactions>
