<?xml version="1.0" encoding="UTF-8"?>
<beans xmlns="http://www.springframework.org/schema/beans"
	xmlns:xsi="http://www.w3.org/2001/XMLSchema-instance"
	xmlns:context="http://www.springframework.org/schema/context"
	xmlns:mvc="http://www.ptc.com/schema/mvc"	
	xsi:schemaLocation="
http://www.springframework.org/schema/beans http://www.springframework.org/schema/beans/spring-beans.xsd
http://www.springframework.org/schema/context http://www.springframework.org/schema/context/spring-context.xsd
http://www.ptc.com/schema/mvc http://www.ptc.com/schema/mvc/mvc-10.0.xsd">

	<!-- Configurations in this file override all other configurations -->
	<mvc:builder-scan base-package="ext.kb.builder.table"/>
	<mvc:builder-scan base-package="ext.kb.builder.data"/>
	<mvc:builder-scan base-package="ext.kb.ui.report"/>
	<mvc:builder-scan base-package="ext.kb.builder.compconfig"/> <!-- KNORRBREMSE_RAILPLM-2235 -->

	<bean class="ext.kb.builder.data.AccessControlledSearchDataBuilder" parent="com.ptc.windchill.enterprise.search.mvc.builders.SearchDataBuilder" />
	<bean class="ext.kb.builder.data.PermissionControlledSearchResultsConfigBuilder"/>
	
	<bean id="ext.kb.mvc.components.RelatedECTTableBuilder" class="ext.kb.mvc.components.RelatedECTTableBuilder" />
	
	<bean class="ext.kb.builder.table.WorkItemResultingObjectsTableBuilder"/>
	<bean class="ext.kb.builder.table.WorkItemValidateBaselineTableBuilder"/>
	<bean class="ext.kb.builder.table.VariantDocumentsTableBuilder"/>
	<bean class="ext.kb.builder.table.VariantEPMDocumentsTableBuilder"/>
	<bean class="ext.kb.builder.table.ConvertToCadTableBuilder"/>

	<mvc:builder-scan base-package="ext.kb.mvc.components"/>	

</beans>