<?xml version="1.0" encoding="UTF-8"?>
<!DOCTYPE EPMDocumentTemplate SYSTEM "standardX24.dtd">
<EPMDocumentTemplate>
   <EPMDocument>
      <ObjectID>
         <localId>CREO3_DRAWING_TEMP</localId>
      </ObjectID>
      <ownerApplication>EPM</ownerApplication>
      <authoringApplication>PROE</authoringApplication>
      <number>CREO3_DRAWING_TEMP</number>
      <name>CREO3_DRAWING_TEMP</name>
      <CADName>10_kb_ax_all.drw</CADName>
      <epmDocType>CADDRAWING</epmDocType>
      <authoringApplicationVersion>
         <versionNumber>31</versionNumber>
         <versionName>L-05</versionName>
      </authoringApplicationVersion>
      <derived>false</derived>
      <domainName>System</domainName>
      <folderPath>/System</folderPath>
      <contentItem>
         <contentId>ext/kb/cad_template_content/creo/kb/10_kb_ax_all.drw</contentId>
         <contentType>ApplicationData</contentType>
         <category>DRAWING</category>
         <fileName>{$CAD_NAME}</fileName>
         <role>PRIMARY</role>
      </contentItem>
      <externalTypeId>WCTYPE|wt.epm.EPMDocument|com.ptc.DefaultEPMDocument|com.ptc.DesignCADDoc|com.ptc.DesignCADDrw</externalTypeId>
   </EPMDocument>
</EPMDocumentTemplate>