<beans xmlns="http://www.springframework.org/schema/beans"
	xmlns:xsi="http://www.w3.org/2001/XMLSchema-instance"
	xmlns:context="http://www.springframework.org/schema/context"
	xmlns:mvc="http://www.ptc.com/schema/mvc"
	xsi:schemaLocation="
http://www.springframework.org/schema/beans http://www.springframework.org/schema/beans/spring-beans-2.5.xsd
http://www.springframework.org/schema/context http://www.springframework.org/schema/context/spring-context-2.5.xsd
http://www.ptc.com/schema/mvc http://www.ptc.com/schema/mvc/mvc-10.0.xsd">

	<!-- Define the builders-->
	<bean class="com.ptc.windchill.enterprise.part.reports.mvc.builders.MultiLevelBOMReportTreeBuilder"/>
	<bean class="com.ptc.windchill.enterprise.part.reports.mvc.builders.MultiLevelBOMWithReplacementsReportTreeBuilder"/>
	<bean class="com.ptc.windchill.enterprise.part.reports.mvc.builders.MultiLevelComponentsListTableBuilder"/>
	<bean class="com.ptc.windchill.enterprise.part.reports.mvc.builders.SingleLevelBOMReportTreeBuilder"/>
	<bean class="com.ptc.windchill.enterprise.part.reports.mvc.builders.SingleLevelConsolidatedBOMTableBuilder"/>
	<bean class="com.ptc.windchill.enterprise.part.reports.mvc.builders.NoteTableConfigBuilder" /> 
	<bean class="com.ptc.windchill.enterprise.part.reports.mvc.builders.BOMTableConfigBuilder" /> 
	
	<bean id="closeReportSession" class="com.ptc.windchill.enterprise.part.reports.mvc.CloseReportSessionController" />
	
</beans>