<component name="RCL-KVS-Interface_Patch"
           organisation="Audisport"
           description="Racelink (RCL) KVS-Interface for Audisport Ingolstadt"
           homepage="http://www.audi.de/de/brand/de/audi_sport.html"
           COTS="false" xmlns="http://ssp.ptc.com"
           xmlns:xsi="http://www.w3.org/2001/XMLSchema-instance"
           xsi:schemaLocation="http://ssp.ptc.com component.xsd">

	<version major="2" minor="1" point="0" buildCode="XX"/>
	<windchill release="10.1" dateCode="M040" installSequence="0"/>

	<!-- Component Dependencies -->
	<dependencies>
		<dependency org="Audisport" name="RCL-ECA-DEPS" rev="latest.integration"/>
	</dependencies>
    
    <!-- Extensions -->
	<extension>
        <preDist>
			<ant antfile="lib/buildEnhancements.targets.xml" target="generate-services">
				<property name="services.srcdir" value="${wtdev}${/}src"/>
				<property name="services.outputdir" value="${wtdev}${/}src_gen"/>
			</ant>
			
			<!-- Uncomment this block if your patch contains Excel based resourceBundles. -->
			<!--
			<ant antfile="lib/buildEnhancements.targets.xml" target="convertRBs">
				<property name="bundle.srcdir" value="${wtdev}${/}src"/>
				<property name="bundle.outputdir" value="${wtdev}${/}src_gen"/>
				<property name="bundle.format" value="java"/>
				<property name="bundle.postDelete" value="false"/>
			</ant>
			-->
			
			<ant antfile="lib/buildEnhancements.targets.xml" target="src_gen2BIF">
				<property name="gen.srcdir" value="${wtdev}${/}src_gen"/>
			</ant>
			
			<ant antfile="lib/buildEnhancements.targets.xml" target="gwt-compile">
				<property name="gwt.srcdir" value="${wtdev}${/}src"/>
				<property name="gwt.distdir" value="${wtdev}${/}codebase${/}gwt"/>
				<property name="gwt.module.name" value="com.ptc.interfaces.kvs.gwt.GWTKVSModule"/>
			</ant>
		</preDist>
        
        <preExecute>
			<!-- backup files that are modified or deleted with this patch -->
			<ant antfile="loadXMLFiles/com/vw/patchUtil.xml" target="backupFiles" inheritRefs="true"/>
			
			<!-- delete files that should be removed with this patch -->
			<ant antfile="loadXMLFiles/com/vw/patchUtil.xml" target="deleteFiles" inheritRefs="true"/>
		</preExecute>
        
        <preDeploy>
            <ant antfile="extension/PreKVSPatchInstall.xml">
                <property name="gwt.module.name" value="com.ptc.interfaces.kvs.gwt.GWTKVSModule"/>
            </ant>
        </preDeploy>
        		
		<postDeploy>
            <ant antfile="extension/PostKVSInstall.xml" inheritAll="true"/>
            
            <!-- extracts the component.jar into the codebase and delete it -->
            <ant antfile="loadXMLFiles/com/vw/patchUtil.xml" target="extractAndDeleteComponentJar" inheritRefs="true"/>            
		</postDeploy>
	</extension>

	<!-- Install -->
	
    <install>
        <!-- copy tasks -->
        
        <!-- xconf tasks -->
        <!-- link the custom xconf files into site.xconf with a ConfigurationRef entry -->
        <!-- this one is always used, independent on target type -->
        <!--xconf mode="site" file="kvs_patch.xconf" /-->
        <!-- the following are dependent on target type -->
        <!--xconf mode="site" file="xxx.xconf" option="PROD" /-->
            
        <!-- sql tasks -->
                 
        <!-- xml tasks that have the same destination file should be combined into one single xmltask -->
        
        <!-- alterProperties -->
         
        <!-- ldif -->
         
        <!-- Loadfiles -->        
            
        <!-- Organizations -->

        <!-- Users -->

        <!-- Organization Administrators -->

        <!-- Groups -->

        <!-- Adding users to groups -->
        
        <!-- Container Templates -->
        
        <!-- Containers -->
        
        <!-- Product Container -->

        <!-- Attributes -->
        
        <!-- Softtypes -->
        
        <!-- load ibas that are not attached to any type -->
        <!--
            Please add the following command as manual step to the release notes if you have to add an IBA which is not attached to a Softtype
            windchill com.ptc.generic.iba.LogicalIdMigrator -u wcadmin -p wcadmin
        -->
        
        <!-- Taskform Templates -->
        
        <!-- Workflow templates -->
        
        <!-- LifeCycles -->
		
        <!-- FileBasedSeries -->

        <!-- OIRs -->
        
        <!-- Preference Definition -->
            
        <!-- Preference Instance -->
        
        <!-- WPTypeBasedProperties -->
        
        <!-- QML Reports -->
		
        <!-- All other loadFile types -->
	</install>
    
</component>