<component name="@componentName@" organisation="PTC" description="@componentDesc@" homepage="https://ssp.ptc.com/wiki/display/bif/BIF+Home" COTS="false"
    xmlns="http://ssp.ptc.com" xmlns:xsi="http://www.w3.org/2001/XMLSchema-instance" xsi:schemaLocation="http://ssp.ptc.com component.xsd"
>

    <version major="@major@" minor="@minor@" point="@patchNumber@" buildCode="@patchIteration@" />
    <windchill release="@release@" dateCode="@dateCode@" installSequence="0" />

    <!-- BIF-2 Extensions -->
    <extension>

        <preDist>
            <!-- clean eclipse binary folders -->
            <ant antfile="srclib/buildEnhancements.targets.xml" target="cleanEclipseFolders" inheritRefs="true" />
            
            <!-- check xconf files syntax -->
            <ant antfile="srclib/buildEnhancements.targets.xml" target="validateXconfSyntax" inheritRefs="true" />

            <!-- generating Java RB-Infos becoming standard in WT10 -->
            <ant antfile="srclib/buildEnhancements.targets.xml" target="xlsToRbinfo" inheritRefs="true" />

            <!-- run the Annotation processor to generate the RMI Helper/Service classes from the Standard*Service.java files -->
            <ant antfile="srclib/buildEnhancements.targets.xml" target="generate-services" inheritRefs="true" />
        </preDist>

        <preDeploy>
            <!-- delete Tomcat and Info*Engine cache -->
            <ant antfile="srclib/buildEnhancements.targets.xml" target="clearCaches" inheritRefs="true" />
            
            <!-- backup files that are modified or deleted with this patch -->
            <ant antfile="loadXMLFiles/com/vw/patchUtil.xml" target="backupFilesECA" inheritRefs="true" />
            
            <!-- delete files that should be removed with this patch -->
            <ant antfile="loadXMLFiles/com/vw/patchUtil.xml" target="deleteFiles" inheritRefs="true" />
        
            <!--
                workaround to copy all non-java/non-rbInfo files from DEV_ROOT/src to WT_HOME/codebase
                xconf and xmltasks are executed after all copy actions completed.
            -->
            <ant antfile="srclib/buildEnhancements.targets.xml" target="copyWorkaround" inheritRefs="true" />

            <!-- applies exclude pattern to client jar include file -->
            <java classname="bifExt.com.ptc.ClientJarExcludeFilter">
                <arg value="vw_eca_client" />
                <arg value="${wthome}/codebase/" />
            </java>
        </preDeploy>

        <postDeploy>
            <!-- Make sure that the properties are propagated -->
            <ant antfile="srclib/buildEnhancements.targets.xml" target="executeXconfmanager" inheritRefs="true" />
        
            <!-- executing PostDeploy -->
            <ant antfile="PostDeploy.xml" inheritRefs="true" />

            <!-- executing KVS PostInstall if available -->
            <ant antfile="srclib/buildEnhancements.targets.xml" target="executeKVSPostInstall" inheritRefs="true" />
        </postDeploy>

        <preConfig>
            <!-- on the fly Ldap entry adjustment -->
            <ant antfile="srclib/buildEnhancements.targets.xml" target="ldapEntryCorrection" inheritRefs="true" />
            
            <!-- replaces placeholders with values from master -->
            <ant antfile="srclib/buildEnhancements.targets.xml" target="adjustIEadapterLDIFs" inheritRefs="true" />            
        </preConfig>

        <postConfig>
            <!-- Workaround for BIF-923 -->
            <ant antfile="srclib/buildEnhancements.targets.xml" target="copyWorkaroundLdif" inheritRefs="true" />
        </postConfig>

    </extension>
<!-- 
    <install>
-->        
        <!-- copy tasks -->
        
        <!-- xconf tasks -->
    
        <!-- sql tasks -->
                 
        <!-- xml tasks that have the same destination file should be combined into one single xmltask -->
        
        <!-- alterProperties -->
         
        <!-- ldif -->
        <!-- 
            LDIF files that are added here are only loaded on the slave node!
            If your file need to be loaded on both nodes you should not add it here but as manual step in the release notes. 
         -->
        
        
        <!-- DO NOT PUT LOADFILES INTO THIS FILE, USE THE CORRESPONDING XML FILE INSIDE devPatches FOLDER -->
         
<!--
    </install>
-->
</component>
