<?xml version="1.0" encoding="UTF-8"?>

<!--
Tool to create a eca patch.

@author Benjamin Mueller (bmueller@ptc.com)
@version 20140428
@see VW_ECA-18345
@since ECA 5.0

Usage:
In WT Shell at DEV_ROOT
ant -f src/com/vw/generic/patch/vwPatch.xml [prepare|patch]
-->

<project name="ecaPatch" default="usage" basedir=".">
	
	<!-- ================================= 
          target: usage
         ================================= -->
    <target name="usage" description="List of targets.">
        
		<echo message="" />
    	<echo message="Please use one of the following targets:" />
		<echo message="" />
		<echo message="prepare - Will create new patch templates." />
		<echo message="patch   - Will create a patch." />
		<echo message="" />
    	
    </target>

	<!-- - - - - - - - - - - - - - - - - - 
          target: init                      
         - - - - - - - - - - - - - - - - - -->
	<target name="init">

		<property environment="env" />

		<taskdef name="createDifDel" classname="com.tsystems.tools.taskdef.CreateDiffDelList" classpath="lib/patchTool.jar" />
		<taskdef name="for" classname="net.sf.antcontrib.logic.ForTask" classpath="${env.ANT_HOME}/lib/antcontrib.jar" />
		<taskdef name="if" classname="net.sf.antcontrib.logic.IfTask" classpath="${env.ANT_HOME}/lib/antcontrib.jar" />
		<taskdef name="regex" classname="net.sf.antcontrib.property.RegexTask" classpath="${env.ANT_HOME}/lib/antcontrib.jar" />
		<taskdef name="var" classname="net.sf.antcontrib.property.Variable" classpath="${env.ANT_HOME}/lib/antcontrib.jar" />
		<taskdef name="trycatch" classname="net.sf.antcontrib.logic.TryCatchTask" classpath="${env.ANT_HOME}/lib/antcontrib.jar" />

		<tstamp>
			<format property="currentDate" pattern="MMM-d-yyyy" locale="de" />
		</tstamp>

		<input message="ECA or KVS" validargs="eca,kvs" defaultvalue="eca" addproperty="newPatchType" />

		<condition property="eca">
			<equals arg1="${newPatchType}" arg2="eca" />
		</condition>
		<condition property="kvs">
			<equals arg1="${newPatchType}" arg2="kvs" />
		</condition>

		<loadproperties srcFile="vwPatchTool-shared.properties" />
		<if>
			<isset property="kvs" />
			<then>
				<loadproperties srcFile="vwPatchTool-kvs.properties" />
				<property name="patch.property.file" value="vwPatchTool-kvs.properties" />

				<property name="dev.root.dir" value="${kvs_dev_root}" />
			</then>
			<else>
				<loadproperties srcFile="vwPatchTool-eca.properties" />
				<property name="patch.property.file" value="vwPatchTool-eca.properties" />
				<property name="dev.root.dir" value="${basedir}/../../../../.." />
			</else>
		</if>

		<property name="devPatch.dir" value="${dev.root.dir}/devPatches" />

	</target>

	<!-- ================================= 
          target: prepare              
         ================================= -->
	<target name="prepare" depends="init" description="Prepares template files for a new patch.">

		<input message="Patch number?" defaultvalue="${point}" addproperty="newPatchNumber" />
		<input message="Creator?" defaultvalue="${creator}" addproperty="newCreator" />

		<!-- update default value for next patch -->
		<propertyfile file="${patch.property.file}">
			<entry key="point" type="int" pattern="00" operation="+" value="1" />
			<entry key="creator" type="string" value="${newCreator}" />
		</propertyfile>

		<property name="patchName" value="${major}.${minor}_${newPatchNumber}_${newPatchType}_${patchPostfix}" />
		<property name="releaseNotes.name" value="${dev.root.dir}/releasenotes/${patchName}.txt" />

		<!-- copy releasenotes -->
		<copy file="releasenotes_template.txt" tofile="${releaseNotes.name}" overwrite="true" />

		<!-- replace tokens inside the releasenotes -->
		<replace file="${releaseNotes.name}" token="@patchfile@" value="${patchName}" />
		<replace file="${releaseNotes.name}" token="@createdOn@" value="${currentDate}" />
		<replace file="${releaseNotes.name}" token="@creator@" value="${newCreator}" />
		<replace file="${releaseNotes.name}" token="@iterationinfo@" value="${currentDate}, 0, initial${line.separator}@iterationinfo@" />

		<!-- create directory for dev patch component.xml files -->
		<mkdir dir="${devPatch.dir}" />

		<!-- copy component.xml for given patch number -->
		<property name="component.xml.name" value="${devPatch.dir}/component_${newPatchType}_${newPatchNumber}_${patchPostfix}.xml" />
		<copy file="${component.xml.template}" tofile="${component.xml.name}" overwrite="true" />

		<!-- replacements in releasenotes -->
		<replace file="${component.xml.name}" token="@componentName@" value="${componentName}" />
		<replace file="${component.xml.name}" token="@componentDesc@" value="${componentDesc}" />
		<replace file="${component.xml.name}" token="@major@" value="${major}" />
		<replace file="${component.xml.name}" token="@minor@" value="${minor}" />
		<replace file="${component.xml.name}" token="@patchNumber@" value="${newPatchNumber}" />
		<replace file="${component.xml.name}" token="@patchIteration@" value="${buildCode}" />
		<replace file="${component.xml.name}" token="@release@" value="${release}" />
		<replace file="${component.xml.name}" token="@dateCode@" value="${dateCode}" />

		<!-- copy loadfile loader -->
		<copy file="volkswagen_loader_template.xml" tofile="${devPatch.dir}/${patchName}.xml" overwrite="true" />

	</target>

	<!-- ================================= 
          target: patch              
         ================================= -->
	<target name="patch" depends="init" description="Creates a patch for the given number.">

		<input message="Patch number?" addproperty="newPatchNumber" />
		<condition property="patchNumberInvalid">
			<or>
				<length string="${newPatchNumber}" trim="true" when="equal" length="0" />
				<not>
					<available file="${devPatch.dir}/component_${newPatchType}_${newPatchNumber}_${patchPostfix}.xml" />
				</not>
			</or>
		</condition>
		<fail message="Invalid patch number or path (${devPatch.dir}/component_${newPatchType}_${newPatchNumber}_${patchPostfix}.xml)!" if="patchNumberInvalid" />

		<if>
			<isset property="kvs" />
			<then>
				<echo message="" />
				<echo message="If there are resourceBundles (*.rbInfo.xls) files inside this patch you must adjust the" />
				<echo message="component_${newPatchType}_${newPatchNumber}_${patchPostfix}.xml and enable (uncomment) the 'convertRBs' target." />
				<echo message="" />
				<input message="Press [ENTER] to continue." />
			</then>
		</if>

		<input message="Output folder?" defaultvalue="${outputfolder}" addproperty="newOutputFolder" />

		<!-- update default value for next patch -->
		<propertyfile file="${patch.property.file}">
			<entry key="outputfolder" type="string" value="${newOutputFolder}" />
		</propertyfile>


		<antcall target="_createDiffDelete" />

		<!-- remove all revision info by java call -->
		<java classname="com.ptc.generic.patch.ClearSVNRevisionInfo" failonerror="true">
			<arg value="${dev.root.dir}/releasenotes/${major}.${minor}_${newPatchNumber}_${newPatchType}_${patchPostfix}.txt" />
			<classpath>
				<pathelement path="${env.WT_HOME}/codebase" />
			</classpath>
		</java>

		<input message="Do you want to add revision information?" validargs="y,n" defaultvalue="y" addproperty="addRevisionInfo" />
		<if>
			<equals arg1="y" arg2="${addRevisionInfo}" trim="true" />
			<then>
				<!-- create revision info from external file -->
				<antcall target="_createRevisionInfo" />

				<!-- filter revision info -->
				<java classname="com.ptc.generic.patch.FilterSVNRevisionInfo" failonerror="true">
					<arg value="${java.io.tmpdir}/revision_${newPatchNumber}.txt" />
					<classpath>
						<pathelement path="${env.WT_HOME}/codebase" />
					</classpath>
				</java>

				<!-- add revision info to release notes -->
				<loadfile srcFile="${java.io.tmpdir}/revision_${newPatchNumber}.txt" property="revisionInfo" />
				<replace file="${dev.root.dir}/releasenotes/${major}.${minor}_${newPatchNumber}_${newPatchType}_${patchPostfix}.txt" token="@revisioninfo@" value="${revisionInfo}" />
			</then>
		</if>

		<!-- copy diffs and project to "temp" -->
		<antcall target="_copyTemplate" />
		<antcall target="_copyPatchSpecificFiles" />

		<antcall target="_copyECAComponentFiles" />
		<antcall target="_copyKVSComponentFiles" />
		<antcall target="_copyModifiedFiles" />
		<antcall target="_setMakeJarLevel" />

		<!-- create backup and delete lists -->
		<antcall target="_createDeleteList" />
		<antcall target="_createBackupList" />

		<java classname="com.ptc.generic.patch.CheckForXconfFileEntries" failonerror="true">
			<arg value="${java.io.tmpdir}/diff_${newPatchNumber}.txt" />
			<arg value="${java.io.tmpdir}/PatchProject/component.xml" />
			<classpath>
				<pathelement path="${env.WT_HOME}/codebase" />
			</classpath>
		</java>

		<trycatch>
			<try>
				<!-- dist -->
				<antcall target="_dist" />

				<!-- jar dist -->
				<antcall target="_jarPatch" />
			</try>
			<catch>
				<echo message="try to restore files" />
				<copy file="${java.io.tmpdir}/${major}.${minor}_${newPatchNumber}_${newPatchType}_${patchPostfix}.txt" todir="${dev.root.dir}/releasenotes" overwrite="true" failonerror="false" />
				<copy file="${java.io.tmpdir}/component_${newPatchType}_${newPatchNumber}_${patchPostfix}.xml" todir="${devPatch.dir}" overwrite="true" failonerror="false" />
				<antcall target="_cleanup" />
				<fail message="Creating the distribution.jar failed!" />
			</catch>
			<finally>
				<!-- cleanup -->
				<antcall target="_cleanup" />
			</finally>
		</trycatch>

	</target>

	<!-- - - - - - - - - - - - - - - - - - 
          target: _createDiffDelete                      
         - - - - - - - - - - - - - - - - - -->
	<!-- TODO create diff and delete outside of dev_root (outputfolder) -->
	<!-- TODO iterate if file exists -->
	<target name="_createDiffDelete" depends="init" description="creates diff and delete lists">

		<delete file="${java.io.tmpdir}/diff_${newPatchNumber}.txt" />
		<delete file="${java.io.tmpdir}/delete_${newPatchNumber}.txt" />

		<property name="releasenotes" value="${dev.root.dir}/releasenotes/${major}.${minor}_${newPatchNumber}_${newPatchType}_${patchPostfix}.txt" />
		<property name="diffFile" value="${java.io.tmpdir}/diff_${newPatchNumber}.txt" />
		<property name="deleteFile" value="${java.io.tmpdir}/delete_${newPatchNumber}.txt" />
		<property name="patchName" value="${major}.${minor}_${newPatchNumber}_${newPatchType}_${patchPostfix}" />

		<if>
			<available file="${outputfolder}/${patchName}.jar" />
			<then>
				<input message="Iteration number?" defaultvalue="${iteration}" addproperty="iterationNumber" />
				<input message="Iteration comment?" defaultvalue="Bugfixing" addproperty="iterationComment" />

				<!-- increasing iteration number -->
				<propertyfile file="${patch.property.file}">
					<entry key="iteration" type="int" pattern="00" operation="+" value="1" />
				</propertyfile>

				<property name="releaseNotes.name" value="${patchName}.txt" />

				<!-- create backups -->
				<copy file="${dev.root.dir}/releasenotes/${releaseNotes.name}" todir="${java.io.tmpdir}" />
				<copy file="${devPatch.dir}/component_${newPatchType}_${newPatchNumber}_${patchPostfix}.xml" todir="${java.io.tmpdir}" />

				<replace file="${dev.root.dir}/releasenotes/${releaseNotes.name}" token="@iterationinfo@" value="${currentDate}, ${iterationNumber}, ${iterationComment}${line.separator}@iterationinfo@" />
				<replaceregexp file="${devPatch.dir}/component_${newPatchType}_${newPatchNumber}_${patchPostfix}.xml" match='buildCode="[0-9]+"' replace='buildCode="${iterationNumber}"' />
			</then>
			<else>
				<propertyfile file="${patch.property.file}">
					<entry key="iteration" type="int" pattern="00" operation="=" value="1" />
				</propertyfile>
			</else>
		</if>

		<createDifDel bFlag="true" releaseNotes="${releasenotes}" difFile="${diffFile}" delFile="${deleteFile}" />
		<if>
			<equals arg1="" arg2="${CreateStatus}" />
			<then>
			</then>
			<else>
				<echo>"${CreateStatus}"</echo>
				<input message="continue?" validargs="y,n" addproperty="do.continue" />
				<if>
					<equals arg1="n" arg2="${do.continue}" />
					<then>
						<fail>aborted by user</fail>
					</then>
					<else>
						<echo message="we go on in spite of the message!!" />
					</else>
				</if>
			</else>
		</if>
	</target>

	<!-- - - - - - - - - - - - - - - - - - 
          target: _createRevisionInfo                      
         - - - - - - - - - - - - - - - - - -->
	<target name="_createRevisionInfo" depends="init">

		<delete file="${java.io.tmpdir}/revision_${newPatchNumber}.txt" />

		<apply executable="svn" dir="${dev.root.dir}" parallel="true" maxparallel="20">
			<arg value="info" />
			<srcfile />
			<fileset dir="${dev.root.dir}" includesfile="${java.io.tmpdir}/diff_${newPatchNumber}.txt" />
			<redirector output="${java.io.tmpdir}/revision_${newPatchNumber}.txt" append="true" />
		</apply>

	</target>

	<!-- - - - - - - - - - - - - - - - - - 
          target: _copyTemplate                      
         - - - - - - - - - - - - - - - - - -->
	<target name="_copyTemplate" depends="init">

		<!-- make sure target is empty -->
		<delete dir="${java.io.tmpdir}/PatchProject" />

		<!-- copy template project -->
		<copy todir="${java.io.tmpdir}/PatchProject">
			<fileset dir="PatchProject" />
		</copy>

		<!-- find BIFSDK name -->
		<first id="bif.jar">
			<fileset dir="${dev.root.dir}/srclib" includes="BIFSDK*.jar" />
		</first>

		<!-- copy BIF into the patch project -->
		<copy file="${toString:bif.jar}" tofile="${java.io.tmpdir}/PatchProject/srclib/BIFSDK-2.1.x.x.jar" />

	</target>

	<!-- - - - - - - - - - - - - - - - - - 
          target: _copyPatchSpecificFiles                      
         - - - - - - - - - - - - - - - - - -->
	<target name="_copyPatchSpecificFiles">
		<copy file="${devPatch.dir}/component_${newPatchType}_${newPatchNumber}_${patchPostfix}.xml" tofile="${java.io.tmpdir}/PatchProject/component.xml" />
		<copy file="${dev.root.dir}/releasenotes/${major}.${minor}_${newPatchNumber}_${newPatchType}_${patchPostfix}.txt" todir="${java.io.tmpdir}/PatchProject/releasenotes" />
		<copy file="${devPatch.dir}/${major}.${minor}_${newPatchNumber}_${newPatchType}_${patchPostfix}.xml" todir="${java.io.tmpdir}/PatchProject/loadFiles/com/vw/" />
	</target>

	<!-- - - - - - - - - - - - - - - - - - 
          target: _copyECAComponentFiles                      
         - - - - - - - - - - - - - - - - - -->
	<target name="_copyECAComponentFiles" depends="init" if="eca">

		<echo message="Deleting ${env.WT_HOME}/srclib/buildEnhancements.jar to prevent build issues." />
		<delete file="${env.WT_HOME}/srclib/buildEnhancements.jar" />
		<copy file="${dev.root.dir}/srclib/buildEnhancements.jar" todir="${env.WT_HOME}/srclib" />

		<copy file="${dev.root.dir}/src/bifExt/properties_header" todir="${java.io.tmpdir}/PatchProject/src/bifExt" />
		<copy file="${basedir}/bif.ant.properties_eca" tofile="${java.io.tmpdir}/PatchProject/bif.ant.properties" />

		<!-- define dist.jar name -->
		<replace file="${java.io.tmpdir}/PatchProject/bif.ant.properties" token="dist.name=dist.ECA-5.0" value="dist.name=${major}.${minor}_${newPatchNumber}_${newPatchType}_${patchPostfix}_dist" />
		<replace file="${java.io.tmpdir}/PatchProject/bif.ant.properties" token="3rdPartyLoc=${wtdev}${/}srclib" value="3rdPartyLoc=${dev.root.dir}" />

		<copy file="${dev.root.dir}/srclib/buildEnhancements.targets.xml" todir="${java.io.tmpdir}/PatchProject/srclib" />
		<copy file="${dev.root.dir}/PostDeploy.xml" todir="${java.io.tmpdir}/PatchProject" />

		<copy file="${dev.root.dir}/wcom/vwprodwiz/scripts/install.xml" todir="${java.io.tmpdir}/PatchProject/wcom/vwprodwiz/scripts" />
		<copy file="${dev.root.dir}/wcom/vwtheopartwiz/scripts/install.xml" todir="${java.io.tmpdir}/PatchProject/wcom/vwtheopartwiz/scripts" />

		<!-- copy include and exclude files to control jar file generation -->
		<copy todir="${java.io.tmpdir}/PatchProject/codebase/jarContents">
			<fileset dir="${dev.root.dir}/codebase/jarContents" />
		</copy>
		
		<!-- copying exclude filter class -->
		<copy file="${dev.root.dir}/src/bifExt/com/ptc/ClientJarExcludeFilter.java" todir="${java.io.tmpdir}/PatchProject/src/bifExt/com/ptc" />
	</target>

	<!-- - - - - - - - - - - - - - - - - - 
          target: _copyKVSCompnentFiles                      
         - - - - - - - - - - - - - - - - - -->
	<target name="_copyKVSComponentFiles" depends="init" if="kvs">

		<echo message="Deleting ${env.WT_HOME}/srclib/buildEnhancements.jar to prevent build issues." />
		<delete file="${env.WT_HOME}/srclib/buildEnhancements.jar" />
		<copy file="${dev.root.dir}/srclib/buildEnhancements.jar" todir="${env.WT_HOME}/srclib" />

		<copy file="${basedir}/bif.ant.properties_kvs_vw" tofile="${java.io.tmpdir}/PatchProject/bif.ant.properties" />
		<copy file="${dev.root.dir}/srclib/buildEnhancements.targets.xml" todir="${java.io.tmpdir}/PatchProject/srclib" />

		<!-- define dist.jar name -->
		<replace file="${java.io.tmpdir}/PatchProject/bif.ant.properties" token="dist.name=dist.KVS-Interface-5.0" value="dist.name=${major}.${minor}_${newPatchNumber}_${newPatchType}_${patchPostfix}_dist" />

		<copy file="${dev.root.dir}/extension/PostKVSInstall.xml" todir="${java.io.tmpdir}/PatchProject/extension" />
		<copy file="${dev.root.dir}/extension/PreKVSPatchInstall.xml" todir="${java.io.tmpdir}/PatchProject/extension" />
		<copy file="${devPatch.dir}/component_${newPatchType}_${newPatchNumber}_${patchPostfix}.xml" tofile="${java.io.tmpdir}/PatchProject/component.xml" overwrite="true" />

		<!-- copy includes file to prevent creation of a component.jar -->
		<copy file="${dev.root.dir}/codebase/jarContents/componentJarOverride.includes" todir="${java.io.tmpdir}/PatchProject/codebase/jarContents" />

		<!-- copy the whole gwt package into to patch project to avoid compile issues -->
		<copy todir="${java.io.tmpdir}/PatchProject/src/com/vw/interfaces/kvs/gwt">
			<fileset dir="${dev.root.dir}/src/com/vw/interfaces/kvs/gwt" />
		</copy>

		<mkdir dir="${java.io.tmpdir}/PatchProject/src_gen" />
	</target>

	<!-- - - - - - - - - - - - - - - - - - 
          target: _copyModifiedFiles                      
         - - - - - - - - - - - - - - - - - -->
	<target name="_copyModifiedFiles" depends="init">

		<trycatch>
			<try>
				<!--
                    copy modified files from diff list
                    Does NOT support commas or spaces inside file names!
                -->
				<loadfile srcFile="${java.io.tmpdir}/diff_${newPatchNumber}.txt" property="filelist" />
				<copy todir="${java.io.tmpdir}/PatchProject">
					<filelist dir="${dev.root.dir}" files="${filelist}" />
				</copy>

			</try>
			<catch>

				<echo message="Error during copying files from diff list:" />
				<echo />
				<!-- retry to copy files with failonerror=false to get warnings which files failed -->
				<copy todir="${java.io.tmpdir}/PatchProject" failonerror="false">
					<filelist dir="${dev.root.dir}" files="${filelist}" />
				</copy>
				<echo />
				<echo message="Trying failsafe mode..." />
				<echo />
				<!-- 
                    copy files listed in diff section of the release notes.
                    This copy command uses the diff list as pattern which may lead to files getting skipped!
                -->
				<copy todir="${java.io.tmpdir}/PatchProject" verbose="true">
					<fileset dir="${dev.root.dir}" includesfile="${java.io.tmpdir}/diff_${newPatchNumber}.txt" />
				</copy>
				<echo />

				<!-- If failsafe was used the user must check the verbose messages to determinate if all files have been copied. -->
				<echo message="Please check the copy messages! Only continue if every file got copied!" />

				<input message="Continue with the build process?" validargs="y,n" defaultvalue="n" addproperty="failsafecopy" />
				<if>
					<equals arg1="n" arg2="${failsafecopy}" trim="true" />
					<then>
						<fail message="User canceled!" />
					</then>
				</if>

			</catch>
		</trycatch>

		<!-- mirror files from sql to sql3 folder (external link) -->
		<copy todir="${java.io.tmpdir}/PatchProject/db/sql3" verbose="true">
			<fileset dir="${java.io.tmpdir}/PatchProject/db/sql" />
		</copy>

	</target>

	<!-- - - - - - - - - - - - - - - - - - 
          target: _setMakeJarLevel                      
         - - - - - - - - - - - - - - - - - -->
	<target name="_setMakeJarLevel" depends="init">

		<if>
			<length when="equal" length="0">
				<fileset dir="${java.io.tmpdir}/PatchProject/wtCustom" />
				<fileset dir="${java.io.tmpdir}/PatchProject/wtSafeArea/siteMod" />
			</length>
			<then>
				<echo message="Changing MakeJar level to client only." />
				<replace file="${java.io.tmpdir}/PatchProject/bif.ant.properties" token="runFullMakeJar=true" value="runFullMakeJar=false" />
			</then>
			<else>
				<echo message="Using FullMakeJar." />
			</else>
		</if>

	</target>

	<!-- - - - - - - - - - - - - - - - - - 
          target: _createListHelper                      
         - - - - - - - - - - - - - - - - - -->
	<!-- taken from patchsystem.xml -->
	<target name="_createListHelper" depends="init">

		<property name="helper.log.file" value="${java.io.tmpdir}/PatchProject/loadXMLFiles/com/vw/${task.type}.log" />
		<loadfile property="loadedFile" srcFile="${java.io.tmpdir}/${task.src}_${newPatchNumber}.txt" />

		<for param="line" list="${loadedFile}" delimiter="${line.separator}">
			<sequential>
				<var name="newline" value="@{line}" />
				<regex property="testline1" input="@{line}" override="true" regexp="\.java" replace="" casesensitive="false" global="true" defaultvalue="@{line}" />
				<regex property="testline2" input="@{line}" override="true" regexp="\.xls" replace="" casesensitive="false" global="true" defaultvalue="@{line}" />
				<regex property="testline3" input="@{line}" override="true" regexp="\.rbInfo" replace="" casesensitive="false" global="true" defaultvalue="@{line}" />
				<regex property="testline4" input="@{line}" override="true" regexp="\." replace="" casesensitive="false" global="true" defaultvalue="@{line}" />

				<if>
					<!-- keine Java Datei-->
					<equals arg1="${testline1}" arg2="${newline}" />
					<then>
						<if>
							<!-- keine xls date -->
							<equals arg1="${testline2}" arg2="${newline}" />
							<then>
								<if>
									<!-- keine rbInfo Datei -->
									<equals arg1="${testline3}" arg2="${newline}" />
									<then>
										<if>
											<!-- Ein Verzeichnis -->
											<equals arg1="${testline4}" arg2="${newline}" />
											<then>
												<regex property="newline" input="@{line}" override="true" regexp="\\" replace="/" casesensitive="false" global="true" />
												<regex property="newline" input="${newline}" override="true" regexp="src/" replace="codebase/" casesensitive="false" global="true" />
												<if>
													<not>
														<contains string="${testline4}" substring="{loadedFile}" />
													</not>
													<then>
														<echo file="${helper.log.file}" append="true">${newline}/**${line.separator}</echo>
														<echo file="${helper.log.file}" append="true">${newline}${line.separator}</echo>
													</then>
												</if>
											</then>
											<else>
												<regex property="newline" input="@{line}" override="true" regexp="\\" replace="/" casesensitive="false" global="true" />
												<regex property="newline" input="${newline}" override="true" regexp="src/" replace="codebase/" casesensitive="false" global="true" />
												<echo file="${helper.log.file}" append="true">${newline}${line.separator}</echo>
											</else>
										</if>
									</then>
									<else>
										<echo file="${helper.log.file}" append="true">${newline}${line.separator}</echo>
										<regex property="newline" input="${newline}" override="true" regexp="\\" replace="/" casesensitive="false" global="true" />
										<regex property="newline" input="${newline}" override="true" regexp="src/" replace="codebase/" casesensitive="false" global="true" />
										<regex property="newline" input="${newline}" override="true" regexp="\.rbInfo" replace=".class" casesensitive="false" global="true" />
										<echo file="${helper.log.file}" append="true">${newline}${line.separator}</echo>
										<regex property="newline" input="${newline}" override="true" regexp="\.class" replace="_*.class" casesensitive="false" global="true" />
										<echo file="${helper.log.file}" append="true">${newline}${line.separator}</echo>
										<regex property="newline" input="${newline}" override="true" regexp="_\*\.class" replace=".RB.ser" casesensitive="false" global="true" />
										<echo file="${helper.log.file}" append="true">${newline}${line.separator}</echo>
										<regex property="newline" input="${newline}" override="true" regexp="\.RB\.ser" replace="_*.RB.ser" casesensitive="false" global="true" />
										<echo file="${helper.log.file}" append="true">${newline}${line.separator}</echo>
									</else>
								</if>
							</then>
							<else>
								<echo file="${helper.log.file}" append="true">${newline}${line.separator}</echo>
								<regex property="newline" input="@{line}" override="true" regexp="\\" replace="/" casesensitive="false" global="true" />
								<regex property="newline" input="${newline}" override="true" regexp="src/" replace="codebase/" casesensitive="false" global="true" />
								<regex property="newline" input="${newline}" override="true" regexp="\.rbInfo\.xls" replace=".class" casesensitive="false" global="true" />
								<regex property="newline" input="${newline}" override="true" regexp="\.xls" replace=".class" casesensitive="false" global="true" />
								<echo file="${helper.log.file}" append="true">${newline}${line.separator}</echo>
								<regex property="newline" input="${newline}" override="true" regexp="\.class" replace="_*.class" casesensitive="false" global="true" />
								<echo file="${helper.log.file}" append="true">${newline}${line.separator}</echo>
							</else>
						</if>
					</then>
					<else>
						<regex property="newline" input="@{line}" override="true" regexp="\\" replace="/" casesensitive="false" global="true" />
						<regex property="newline" input="${newline}" override="true" regexp="src/" replace="codebase/" casesensitive="false" global="true" />
						<regex property="newline" input="${newline}" override="true" regexp="\.java" replace=".class" casesensitive="false" global="true" />
						<echo file="${helper.log.file}" append="true">${newline}${line.separator}</echo>
						<regex property="newline" input="${newline}" override="true" regexp="\.class" replace="$*.class" casesensitive="false" global="true" />
						<echo file="${helper.log.file}" append="true">${newline}${line.separator}</echo>
					</else>
				</if>
			</sequential>
		</for>

	</target>

	<!-- - - - - - - - - - - - - - - - - - 
          target: _createDeleteList                      
         - - - - - - - - - - - - - - - - - -->
	<!-- taken from patchsystem.xml -->
	<target name="_createDeleteList" depends="init">

		<antcall target="_createListHelper">
			<param name="task.type" value="delete" />
			<param name="task.src" value="delete" />
		</antcall>

	</target>

	<!-- - - - - - - - - - - - - - - - - - 
          target: _createBackupList                      
         - - - - - - - - - - - - - - - - - -->
	<!-- taken from patchsystem.xml -->
	<target name="_createBackupList" depends="init">

		<antcall target="_createListHelper">
			<param name="task.type" value="backup" />
			<param name="task.src" value="diff" />
		</antcall>

		<concat destfile="${java.io.tmpdir}/PatchProject/loadXMLFiles/com/vw/backup.log" append="true">
			<filelist dir="${java.io.tmpdir}/PatchProject/loadXMLFiles/com/vw" files="delete.log" />
			<filelist dir="${java.io.tmpdir}/PatchProject/loadXMLFiles/com/vw" files="properties.log" />
		</concat>
	</target>

	<!-- - - - - - - - - - - - - - - - - - 
          target: _dist                      
         - - - - - - - - - - - - - - - - - -->
	<target name="_dist" depends="init">
		<loadproperties srcFile="${java.io.tmpdir}/PatchProject/bif.ant.properties" />
		<delete dir="${dist.dir}/${dist.name}" />

		<exec executable="java" dir="${java.io.tmpdir}/PatchProject" failonerror="true" newenvironment="true">
			<arg value="-jar" />
			<arg value="srclib/BIFSDK-2.1.x.x.jar" />
			<arg value="dist" />
			<arg value="failOnError=true" />
		</exec>

		<if>
			<available file="${dev.root.dir}/bif.cluster.properties" />
			<then>
				<copy file="${dev.root.dir}/bif.cluster.properties" todir="${dist.dir}/${dist.name}" failonerror="false" />
			</then>
		</if>

	</target>

	<!-- - - - - - - - - - - - - - - - - - 
          target: _jarPatch                      
         - - - - - - - - - - - - - - - - - -->
	<target name="_jarPatch" depends="init">
		<loadproperties srcFile="${java.io.tmpdir}/PatchProject/bif.ant.properties" />
		<copy file="${java.io.tmpdir}/PatchProject/releasenotes/${major}.${minor}_${newPatchNumber}_${newPatchType}_${patchPostfix}.txt" todir="${dist.dir}/${dist.name}" />
		<!-- jar for PDS upload -->
		<jar destfile="${outputfolder}/${major}.${minor}_${newPatchNumber}_${newPatchType}_${patchPostfix}.jar" basedir="${dist.dir}/${dist.name}" filesonly="true" />
		<delete dir="${dist.dir}/${dist.name}" deleteonexit="true" />
	</target>

	<!-- - - - - - - - - - - - - - - - - - 
          target: _cleanup                      
         - - - - - - - - - - - - - - - - - -->
	<target name="_cleanup" depends="init">
		<delete file="${java.io.tmpdir}/revision_${newPatchNumber}.txt" deleteonexit="true" />
		<delete file="${java.io.tmpdir}/${major}.${minor}_${newPatchNumber}_${newPatchType}_${patchPostfix}.txt" deleteonexit="true" />
		<delete file="${java.io.tmpdir}/component_${newPatchType}_${newPatchNumber}_${patchPostfix}.xml" deleteonexit="true" />
		<delete file="${java.io.tmpdir}/diff_${newPatchNumber}.txt" deleteonexit="true" />
		<delete file="${java.io.tmpdir}/delete_${newPatchNumber}.txt" deleteonexit="true" />
		<delete dir="${java.io.tmpdir}/PatchProject" deleteonexit="true" />
	</target>

</project>
