<%@page language="java"%>
<%@taglib uri="http://www.ptc.com/infoengine/taglib/core" prefix="ie"%>

	<ie:webject name="Query-Objects" type="OBJ">
	    <ie:param name="INSTANCE" data="$(@FORM[]supporting-adapter[*])" delim="!" valueSeparator="!" default="<%=wt.util.WTProperties.getLocalProperties().getProperty("wt.federation.ie.VMName")%>"/>
	    <ie:param name="TYPE" data="wt.inf.library.WTLibrary"/>
		<ie:param name="ATTRIBUTE" data="obid" />
		<ie:param name="WHERE" data="containerInfo.name='Corporate Catalogues'" />
	    <ie:param name="GROUP_OUT" data="libraryGroup"/>
	</ie:webject>

	<ie:webject name="Query-Objects" type="OBJ">
	    <ie:param name="INSTANCE" data="$(@FORM[]supporting-adapter[*])" delim="!" valueSeparator="!" default="<%=wt.util.WTProperties.getLocalProperties().getProperty("wt.federation.ie.VMName")%>"/>
	    <ie:param name="TYPE" data="com.ptc.KBNamingEntry"/>
		<ie:param name="ATTRIBUTE" data="KB_DICTIONARY,KB_DESCRIPTION_EN,KB_DESCRIPTION_PB" delim="," />
		<ie:param name="WHERE" data="state.state='1050'" />
	    <ie:param name="WHERE" data="(containerReference='$(libraryGroup[0]obid[0])')" />
		<ie:param name="GROUP_OUT" data="namingEntries"/>
	</ie:webject>
