<?xml version="1.0" encoding="UTF-8"?>
<!DOCTYPE listofactions SYSTEM "actions.dtd">
<listofactions>

	<objecttype class="wt.fc.Persistable" name="object"
		resourceBundle="com.ptc.windchill.enterprise.part.partResource">
		<action class="wt.fc.Persistable" id="multiRenameWizardStep"
			multiselect="true" name="multiRenameWizardStep" preloadWizardPage="false"
			required="true">
			<command windowType="wizard_step" />
		</action>
	</objecttype>
 	<objecttype name="psb" resourceBundle="ext.kb.ui.report.WeightReportRB">
		<action name="weightReport">
			<command class="com.ptc.cat.ui.client.action.CustomMultiLevelBOMAction" url="/netmarkets/jsp/weightReport/weightReport.jsp"/>
			<includeFilter name="com.ptc.cat.ui.client.internal.action.OneSelectionFilter"/>
			<includeFilter name="com.ptc.cat.ui.client.internal.action.IsNotUnspecifiedIterationFilter"/>
		</action>
		
	</objecttype>
	<objecttype class="wt.fc.Persistable" name="change">
		<action name="relatedECTS" resourceBundle="ext.kb.resources.ActionsRB">
			<component name="ext.kb.mvc.components.RelatedECTTableBuilder" windowType="page" />
		</action>
	</objecttype>
	
	<objecttype class="wt.part.WTPart" name="part"
     resourceBundle="ext.kb.resources.ActionsRB">
     <action name="autoFillEmptyNumbers">
         <command class="ext.kb.part.form.KBArticleAutofillFormProcessor" method="execute" />
     </action>
	 <action name="openInENorm">
        <command url="/netmarkets/jsp/ext/kb/redirect/redirectToEnorm.jsp" windowType="popup" /> 
		<supportedTypes>
				<type value="WCTYPE|wt.part.WTPart|com.ptc.KBArticle|com.ptc.KBStdSemi|com.ptc.KBAuxMaterial" />
				<type value="WCTYPE|wt.part.WTPart|com.ptc.KBArticle|com.ptc.KBStdSemi|com.ptc.KBStandardPart" />
				<type value="WCTYPE|wt.part.WTPart|com.ptc.KBArticle|com.ptc.KBStdSemi|com.ptc.KBSemiFinished" />
				<type value="WCTYPE|wt.part.WTPart|com.ptc.Administrative|com.ptc.KBMaterial" />
		</supportedTypes>
     </action>
  </objecttype>
    
    
    <!-- KNORRBREMSE_RAILPLM-2235 -->
    <objecttype name="ext-psb" resourceBundle="ext.kb.resources.ActionsRB">
		<action name="autoFillEmptyNumbersGWT">
            <command class="com.ptc.cat.ui.client.action.external.AutoFillEmptyNumbersAction" />
            <supportedTypes>
                <type value="wt.part.WTPart" />
			</supportedTypes>
        </action>
    </objecttype>
	
	<objecttype name="document" class="wt.doc.WTDocument" resourceBundle="ext.kb.resources.ActionsRB">
	
		<!-- Attachment action created for INC-244985 -->
		<action name="addAttachmentWithoutCheckout">
            <command class="ext.kb.processors.AddAttachmentsFormProcessor" method="execute" url="/netmarkets/jsp/document/addattachmentwithoutcheckout.jsp" windowType="popup"/>
        </action>
		<action name="shareAllVersions">
            <command class="ext.kb.processors.ShareToProjectProcessor" method="execute"/>
        </action>
		<action name="addNewDocumentVariant_step">
            <command windowType="wizard_step" />
        </action>
		<action name="addNewDocumentVariant" uicomponent="CREATE_DOC">
			<command class="ext.kb.processors.AddNewDocumentVariantFormProcessor" method="execute" windowType="popup"/>
			<supportedTypes>
				<type value="WCTYPE|wt.doc.WTDocument|com.ptc.KBDocuments|com.ptc.KBTechnicalDrawing" />
				<type value="WCTYPE|wt.doc.WTDocument|com.ptc.KBDocuments|com.ptc.KBTechnicalDocument" />
				<type value="WCTYPE|wt.doc.WTDocument|com.ptc.KBDocuments|com.ptc.KBTechnicalDrawing|com.ptc.KBNeutralData" />
				<type value="WCTYPE|wt.doc.WTDocument|com.ptc.ReferenceDocument|com.ptc.KBCertificate" />
				<type value="WCTYPE|wt.doc.WTDocument|com.ptc.ReferenceDocument|com.ptc.KBStandard" />
				<type value="WCTYPE|wt.doc.WTDocument|com.ptc.KBDocuments|com.ptc.KBSalesDocument" />
				<type value="WCTYPE|wt.doc.WTDocument|com.ptc.KBDocuments|com.ptc.KBSalesDrawing" />
				<type value="WCTYPE|wt.epm.EPMDocument|com.ptc.DefaultEPMDocument|com.ptc.DesignCADDoc|com.ptc.DesignCADDrw" />
			</supportedTypes>
		</action>
		<action name="addNewDocumentVariant_table">
           		 <component name="ext.kb.builder.table.VariantDocumentsTableBuilder" windowType="page"/>   
        </action>
		<action name="convertToCad_step" resourceBundle="ext.kb.resources.ActionsRB" afterJS="validateAuthoringApp">
            <command windowType="wizard_step" />
        </action>
		<action name="convertToCad" uicomponent="CREATE_DOC">
			<command class="ext.kb.processors.ConvertToCadProcessor" method="execute" windowType="popup" />
			<supportedTypes>
				<type value="WCTYPE|wt.doc.WTDocument|com.ptc.KBDocuments|com.ptc.KBTechnicalDrawing" />
			</supportedTypes>
		</action>
	</objecttype>

	<objecttype class="wt.doc.WTDocument" name="document"
        resourceBundle="ext.kb.resources.ActionsRB">
        <!--action name="addNewLanguage" selectRequired="true" multiselect="true">
            <includeFilter name="hideForCheckedoutObject"/>
            <command class="ext.kb.processors.AddNewLanguageFormProcessor"
                method="execute"
                windowType="popup" />
            <access name="update"/>
            <supportedTypes-->
				<!-- Jira 4079 -->
                <!--type value="WCTYPE|wt.doc.WTDocument|com.ptc.KBDocuments" /-->
                <!--type value="WCTYPE|wt.doc.WTDocument|com.ptc.KBDocuments|com.ptc.KBTechnicalDrawing" />
				<type value="WCTYPE|wt.doc.WTDocument|com.ptc.KBDocuments|com.ptc.KBSalesDrawing" /-->
            <!--/supportedTypes>
        </action>
        <action name="addNewLanguage_step" required="true">
            <command windowType="wizard_step" />
        </action-->
		<!--
		<action name="exportToSap" resourceBundle="ext.kb.mkpint.resource.MkpInterfaceResource">
			<command class="ext.kb.mkpint.service.MkpInterfaceActionFormProcessor"  method="execute"/>
		</action>	
		-->
		<action name="exportDocToDownStreamSystems" resourceBundle="ext.kb.piint.resource.PiInterfaceRB">
			<command class="ext.kb.piint.service.PiInterfaceDocActionFormProcessor"  method="execute"/>
		</action>
    </objecttype>
	
	<objecttype name="part" class="wt.part.WTPart" resourceBundle="com.ptc.windchill.enterprise.part.partResource">
		<action name="exportToSap" resourceBundle="ext.kb.mkpint.resource.MkpInterfaceResource">
			<command class="ext.kb.mkpint.service.MkpInterfaceActionFormProcessor"  method="execute"/>
		</action> 	  
		<action name="exportToSapKBC" resourceBundle="ext.kb.mkpint.resource.MkpInterfaceResource">
			<command class="ext.kb.mkpint.service.MkpInterfaceActionFormProcessorKBC"  method="execute"/>
		</action> 	  
		<action name="exportToSapMER" resourceBundle="ext.kb.mkpint.resource.MkpInterfaceResource">
			<command class="ext.kb.mkpint.service.MkpInterfaceActionFormProcessorMER"  method="execute"/>
		</action> 	  
		<action name="exportToSapSIG" resourceBundle="ext.kb.mkpint.resource.MkpInterfaceResource">
			<command class="ext.kb.mkpint.service.MkpInterfaceActionFormProcessorSIG"  method="execute"/>
		</action> 	  
	<action name="exportWTBOMToSap" resourceBundle="ext.kb.mkpint.resource.MkpInterfaceResource">
			<command class="ext.kb.mkpint.service.MkpInterfaceBOMActionFormProcessor"  method="execute"/>
		</action>
		<action name="exportPartToDownStreamSystems" resourceBundle="ext.kb.piint.resource.PiInterfaceRB">
			<command class="ext.kb.piint.service.PiInterfaceActionFormProcessor"  method="execute"/>
		</action>
		<action name="exportBomToDownstreamSystems" resourceBundle="ext.kb.piint.resource.PiInterfaceRB">
			<command class="ext.kb.piint.service.PiInterfaceBomActionFormProcessor"  method="execute"/>
		</action>
	</objecttype>


  	<objecttype name="epmdocument" class="wt.epm.EPMDocument">
	  	<action name="exportToSap" resourceBundle="ext.kb.mkpint.resource.MkpInterfaceResource">
		  	<command class="ext.kb.mkpint.service.MkpInterfaceActionFormProcessor"  method="execute"/>
		</action>
		<action name="addNewDocumentVariant_step" resourceBundle="ext.kb.resources.ActionsRB">
            <command windowType="wizard_step" />
        </action>
		<action name="addNewDocumentVariant" uicomponent="CREATE_DOC" resourceBundle="ext.kb.resources.ActionsRB">
			<command class="ext.kb.processors.AddNewEPMDocumentVariantFormProcessor" method="execute" windowType="popup"/>
			<supportedTypes>
				<type value="WCTYPE|wt.epm.EPMDocument|com.ptc.DefaultEPMDocument|com.ptc.DesignCADDoc|com.ptc.DesignCADDrw" />
			</supportedTypes>
		</action>
		<action name="addNewDocumentVariant_table" resourceBundle="ext.kb.resources.ActionsRB">
           		 <component name="ext.kb.builder.table.VariantEPMDocumentsTableBuilder" windowType="page"/>   
        </action>
		<action name="editCatalogues_step" resourceBundle="ext.kb.resources.ActionsRB">
           		<component name="ext.kb.builder.data.EditCatalogueAttributePanelBuilder" windowType="page"/>
        </action>
		<action name="editCatalogues" uicomponent="CREATE_DOC" resourceBundle="ext.kb.resources.ActionsRB">
			<command class="ext.kb.processors.EditCataloguesFormProcessor" method="execute" windowType="popup"/>
			<supportedTypes>
				<type value="WCTYPE|wt.epm.EPMDocument|com.ptc.DefaultEPMDocument|com.ptc.DesignCADDoc" />
			</supportedTypes>
		</action>
	  </objecttype> 
	  
    <objecttype name="part" class="wt.part.WTPart" resourceBundle="com.ptc.windchill.enterprise.part.partResource">
       <action name="editPartCommonAttrsWizard" ajax="row">
        <command class="ext.kb.piint.processor.KbUomEditPartCommonAttrsFormProcessor" method="execute" windowType="popup"/>
        <includeFilter name="sandboxSharingValidationSimple"/>
        <includeFilter name="hideSBHiddenFilter"/>
      </action>
	</objecttype>

	
   <objecttype name="changeTask" class="wt.change2.WTChangeActivity2" resourceBundle="com.ptc.windchill.enterprise.change2.changeManagementActionsRB">
	<action name="exportECTToDownstreamSystems" resourceBundle="ext.kb.piint.resource.PiInterfaceRB">
		<command class="ext.kb.piint.service.PiInterfaceECTActionFormProcessor"  method="execute"/>
	</action>
  </objecttype>
	  
	<objecttype name="part" class="wt.part.WTPart" resourceBundle="com.ptc.windchill.csm.client.csmClientResource">
		<action name="setClassificationAttributesWizStep" id="setClassificationAttributesWizStep" hidden="false" required="true" preloadWizardPage="false" afterVK="classificationAttributesValidation">
			<component name="classification.attribute.panel"/>
			<command windowType="wizard_step"/>
		</action>
	</objecttype>
	
	<objecttype name="KBReport" resourceBundle="ext.kb.ui.report.ReportUIIntegrationRB">
        <action name="KBCTsummaryReport" id="KBCTsummaryReport">
          <description>Summary</description>
          <command url="servlet/TypeBasedIncludeServlet?contextAction=KBsummaryReport" windowType="popup"/>
         <includeFilter name="hideForChangeTemplates"/>
      </action> 
	  
		<action name="userAssignmentReport">
			<command class="com.ptc.cat.ui.client.action.CustomMultiLevelBOMAction" url="/netmarkets/jsp/ext/kb/ui/report/userAssignmentReport.jsp"/>
			<includeFilter name="com.ptc.cat.ui.client.internal.action.OneSelectionFilter"/>
			<includeFilter name="com.ptc.cat.ui.client.internal.action.IsNotUnspecifiedIterationFilter"/>
		</action>
		
		<action name="userAssignmentReportStep1" preloadWizardPage="false" >
	     <command windowType="wizard_step" url="/netmarkets/jsp/ext/kb/ui/report/userAssignmentReportStep1.jsp" />
	    </action>
		
	    <action name="userAssignmentReportStep2" preloadWizardPage="false" required="true">
	      <command windowType="wizard_step" class="com.ptc.cat.ui.client.action.CustomMultiLevelBOMAction" url="/netmarkets/jsp/ext/kb/ui/report/userAssignmentReportStep2.jsp" />
	      <includeFilter name="com.ptc.cat.ui.client.internal.action.OneSelectionFilter"/>
		  <includeFilter name="com.ptc.cat.ui.client.internal.action.IsNotUnspecifiedIterationFilter"/>
	    </action>
		
	</objecttype>
	
	<objecttype name="psb" resourceBundle="ext.kb.ui.report.ReportUIIntegrationRB">
 		<action name="bomCostRollupReport">
			<command  class="com.ptc.cat.ui.client.action.CustomMultiLevelBOMAction" url="/netmarkets/jsp/ext/kb/ui/report/bomCostRollupReport.jsp"/>
      		<includeFilter name="com.ptc.cat.ui.client.internal.action.OneSelectionFilter"/>
			<includeFilter name="com.ptc.cat.ui.client.internal.action.IsNotUnspecifiedIterationFilter"/>
		</action>
   
	   <action name="bomCostRollupReportStep1" preloadWizardPage="false" >
	   	<command windowType="wizard_step" url="/netmarkets/jsp/ext/kb/ui/report/bomCostRollupReportStep1.jsp" />
	   </action>
	   <action name="bomCostRollupReportStep2" preloadWizardPage="false" >
	   <command windowType="wizard_step" class="com.ptc.cat.ui.client.action.CustomMultiLevelBOMAction" url="/netmarkets/jsp/ext/kb/ui/report/bomCostRollupReportStep2.jsp" />
	   	<includeFilter name="com.ptc.cat.ui.client.internal.action.OneSelectionFilter"/>
		<includeFilter name="com.ptc.cat.ui.client.internal.action.IsNotUnspecifiedIterationFilter"/>
	   </action>
	   
		<action name="hvacDosReport">
				<command class="com.ptc.cat.ui.client.action.CustomMultiLevelBOMAction" url="/netmarkets/jsp/ext/kb/ui/report/hvacDosReport.jsp"/>
				<includeFilter name="com.ptc.cat.ui.client.internal.action.OneSelectionFilter"/>
				<includeFilter name="com.ptc.cat.ui.client.internal.action.IsNotUnspecifiedIterationFilter"/>
	    </action>
	    
	    <action name="hvacDosReportStep1" preloadWizardPage="false" >
	     <command windowType="wizard_step" url="/netmarkets/jsp/ext/kb/ui/report/hvacDosReportStep1.jsp" />
	    </action>
	    <action name="hvacDosReportStep2" preloadWizardPage="false" >
	      <command windowType="wizard_step" class="com.ptc.cat.ui.client.action.CustomMultiLevelBOMAction" url="/netmarkets/jsp/ext/kb/ui/report/hvacDosReportStep2.jsp" />
	      <includeFilter name="com.ptc.cat.ui.client.internal.action.OneSelectionFilter"/>
		  <includeFilter name="com.ptc.cat.ui.client.internal.action.IsNotUnspecifiedIterationFilter"/>
	    </action>
		
		<action name="hvacDosReportNew">
				<command class="com.ptc.cat.ui.client.action.CustomMultiLevelBOMAction" url="/netmarkets/jsp/ext/kb/ui/report/hvacDosReportNew.jsp"/>
				<includeFilter name="com.ptc.cat.ui.client.internal.action.OneSelectionFilter"/>
				<includeFilter name="com.ptc.cat.ui.client.internal.action.IsNotUnspecifiedIterationFilter"/>
	    </action>
	    
	    <action name="hvacDosReportNewStep1" preloadWizardPage="false" >
	     <command windowType="wizard_step" url="/netmarkets/jsp/ext/kb/ui/report/hvacDosReportNewStep1.jsp" />
	    </action>
	    <action name="hvacDosReportNewStep2" preloadWizardPage="false" >
	      <command windowType="wizard_step" class="com.ptc.cat.ui.client.action.CustomMultiLevelBOMAction" url="/netmarkets/jsp/ext/kb/ui/report/hvacDosReportNewStep2.jsp" />
	      <includeFilter name="com.ptc.cat.ui.client.internal.action.OneSelectionFilter"/>
		  <includeFilter name="com.ptc.cat.ui.client.internal.action.IsNotUnspecifiedIterationFilter"/>
	    </action>
	    
	    <action name="kbDosReport">
			<command class="com.ptc.cat.ui.client.action.CustomMultiLevelBOMAction" url="/netmarkets/jsp/ext/kb/ui/report/kbDosReport.jsp"/>
			<includeFilter name="com.ptc.cat.ui.client.internal.action.OneSelectionFilter"/>
			<includeFilter name="com.ptc.cat.ui.client.internal.action.IsNotUnspecifiedIterationFilter"/>
		</action>
	   
	</objecttype>
	
	<objecttype name="KBNamingEntry" class="wt.part.WTPart" resourceBundle="ext.kb.resources.ActionsRB">
		 <action name="createNamingEntry" uicomponent="CREATE_PART" ajax="row">
		    <command class="ext.kb.part.form.KBArticleFormProcessor" method="execute" url="/netmarkets/jsp/part/createPartWizard.jsp?revisionMode=create&amp;showNewCADDocStep=false&amp;hideAssociatePart=true&amp;isNamingEntry=true" windowType="popup"/>
		 </action>
	</objecttype>

	<objecttype name="object" resourceBundle="ext.kb.resources.ActionsRB">
		 <action name="openENorm">
		    <command url="http://enorm.corp.knorr-bremse.com/enormseptaRII/MainFrameDefault.aspx" windowType="new"/>
		 </action>
		 <action name="plm4railHelpCenter">
		    <command url="/netmarkets/jsp/ext/kb/redirect/redirectToHelpCenter.jsp" windowType="popup" /> 
		 </action>
		 <action name="createServiceNowSupportRequest">
		    <command url="/netmarkets/jsp/ext/kb/redirect/redirectToCreateServiceNowSupportRequest.jsp" windowType="new" /> 
		 </action>
	</objecttype>
	
	<objecttype name="part" class="wt.part.WTPart" resourceBundle="ext.kb.resources.ActionsRB">
		<action name="changeArticleType" ajax="row">
			<command class="ext.kb.processors.ChangeArticleTypeFormProcessor" windowType="popup"/>
				<supportedTypes>
					<type value="WCTYPE|wt.part.WTPart|com.ptc.KBArticle"/>
				</supportedTypes>
		</action>
	  
		<action name="changeArticleTypeStep" preloadWizardPage="false" >
			<command windowType="wizard_step"/>
	    </action>  
	</objecttype>
	
	<objecttype name="epmdocument" class="wt.epm.EPMDocument" resourceBundle="ext.kb.resources.ActionsRB">
		<action name="convertToTechnicalDrawing" ajax="row">
			<command class="ext.kb.processors.ConvertToTechnicalDrawingFormProcessor" method="execute"/>
				<supportedTypes>
					<type value="WCTYPE|wt.epm.EPMDocument|com.ptc.DefaultEPMDocument|com.ptc.DesignCADDoc|com.ptc.DesignCADDrw"/>
				</supportedTypes>
		</action> 
	</objecttype>
	<objecttype class="" name="twx">
		<action name="fileDownloadPopup" preloadWizardPage="false">
			<command url="ptc1/twx?mashup=SapInfoDirectExportMashup" windowType="popup"/>
			<supportedTypes value="com.ptc.KBArticle"/>
			<tooltip>
				File download
			</tooltip>
			<label>
				File download
			</label>
		</action>
		<action name="sapInformation" preloadWizardPage="false">
			<command url="ptc1/twx?mashup=SapInformationMashup" windowType="page"/>
			<supportedTypes value="com.ptc.KBArticle"/>
			<nonSupportedTypes value="com.ptc.KBSalesSystemsBoM"/>
			<tooltip>
				SAP information
			</tooltip>
			<label>
				SAP information
			</label>
		</action>
		<action name="stockLevel" preloadWizardPage="false">
			<command url="ptc1/twx?mashup=StockLevelInfoMashup" windowType="page"/>
			<supportedTypes value="com.ptc.KBArticle"/>
			<nonSupportedTypes value="com.ptc.KBSalesSystemsBoM"/>
			<tooltip>
				Stock Level
			</tooltip>
			<label>
				Stock Level
			</label>
		</action>
		<action name="supplierInfo" preloadWizardPage="false">
			<command url="ptc1/twx?mashup=SupplierInfoMashup" windowType="page"/>
			<supportedTypes value="com.ptc.KBArticle"/>
			<nonSupportedTypes value="com.ptc.KBSalesSystemsBoM"/>
			<tooltip>
				Supplier Info
			</tooltip>
			<label>
				Supplier Info
			</label>
		</action>
		<action name="supplierInfoPerPlant" preloadWizardPage="false">
			<command url="ptc1/twx?mashup=SupplierInfoPerPlantMashup" windowType="page"/>
			<supportedTypes value="com.ptc.KBArticle"/>
			<nonSupportedTypes value="com.ptc.KBSalesSystemsBoM"/>
			<tooltip>
				Supplier Info per Plant
			</tooltip>
			<label>
				Supplier Info per Plant
			</label>
		</action>
	</objecttype>
</listofactions>
