<?xml version="1.0" encoding="UTF-8"?>
<!DOCTYPE EPMDocumentTemplate SYSTEM "standardX24.dtd">
<EPMDocumentTemplate>
   <EPMDocument>
      <ObjectID>
         <localId>TEMPLATE_0_9MM_S_STEEL</localId>
      </ObjectID>
      <ownerApplication>EPM</ownerApplication>
      <authoringApplication>UG</authoringApplication>
      <number>TEMPLATE_0_9MM_S_STEEL</number>
      <name>Sheet 0.9(mm)</name>
      <CADName>0.9mm_S_Steel.prt</CADName>
      <epmDocType>CADCOMPONENT</epmDocType>
      <authoringApplicationVersion>
         <versionNumber>23</versionNumber>
         <versionName>J-01</versionName>
      </authoringApplicationVersion>
      <derived>false</derived>
      <domainName>System</domainName>
      <folderPath>/System</folderPath>
      <contentItem>
         <contentId>ext/kb/cad_template_content/nx/hvac/0.9mm_S_Steel.prt</contentId>
         <contentType>ApplicationData</contentType>
         <category>GENERAL</category>
         <fileName>{$CAD_NAME}</fileName>
         <role>PRIMARY</role>
      </contentItem>
      <externalTypeId>WCTYPE|wt.epm.EPMDocument|com.ptc.DefaultEPMDocument|com.ptc.DesignCADDoc</externalTypeId>
   </EPMDocument>
</EPMDocumentTemplate>
