<?xml version="1.0" encoding="UTF-8"?>
<!--
Help tool for patching.
Will be called from component.xml during patch installation.

@author Benjamin Mueller (bmueller@ptc.com)
@version 20130909
@see VW_ECA-17627
@since ECA 5.0 / RCL 2.0

-->
<project name="patchUtil" basedir=".">

	<property environment="env" />

	<condition property="VW_xconfCommand" value="${wthome}/bin/xconfmanager.bat">
		<os family="windows" />
	</condition>
	<property name="VW_xconfCommand" value="${wthome}/bin/xconfmanager" />

	<target name="backupFiles">
		<property name="backup.dir" value="${wthome}/backup" />
		<mkdir dir="${backup.dir}" />
		<zip destfile="${backup.dir}/${name.version}.zip" basedir="${wthome}" includesfile="${wtdev}/loadXMLFiles/com/vw/backup.log" level="9" />
	</target>

	<target name="backupFilesECA">
		<property name="backup.dir" value="${wthome}/backup" />
		<mkdir dir="${backup.dir}" />
		<tstamp />
		<property name="backupFile" value="${backup.dir}/${COMPONENT.system.major}.${COMPONENT.system.minor}.${COMPONENT.system.point}.${COMPONENT.system.buildCode}_ECA_${DSTAMP}-${TSTAMP}.zip" />

		<zip destfile="${backupFile}" basedir="${wthome}" includesfile="${wtdev}/loadXMLFiles/com/vw/backup.log" level="9" />

		<!-- verbose backup file content -->
		<zipfileset src="${backupFile}" id="zipFileContent" />

		<echo message="The following files have been backed up:" />
		<pathconvert pathsep="${line.separator}" property="echo.zipFileContent" refid="zipFileContent">
			<map from="${backupFile}:" to="" />
		</pathconvert>
		<echo>${echo.zipFileContent}</echo>
	</target>

	<target name="deleteFiles">
		
		<!-- delete include files that have been copied by BIF to prevent unexpected behavior -->
		<delete verbose="true" includeEmptyDirs="true" failonerror="false">
			<fileset dir="${wthome}/codebase/jarContents" includes="**/vw_eca_client.includes" erroronmissingdir="false" />
			<fileset dir="${wthome}/wtSafeArea/ptcCurrent/codebase/jarContents" includes="**/vw_eca_client.includes" erroronmissingdir="false" />
			<fileset dir="${wthome}/wtSafeArea/ptcOrig/codebase/jarContents" includes="**/vw_eca_client.includes" erroronmissingdir="false" />
			<fileset dir="${wthome}/wtSafeArea/siteMod/codebase/jarContents" includes="**/vw_eca_client.includes" erroronmissingdir="false" />
		</delete>
		
		<condition property="delete.log.exists">
			<and>
				<available file="${wtdev}/loadXMLFiles/com/vw/delete.log" />
				<length file="${wtdev}/loadXMLFiles/com/vw/delete.log" when="greater" length="3" />
			</and>
		</condition>
		<antcall target="_deleteFiles" />
	</target>

	<target name="_deleteFiles" if="delete.log.exists">
		<delete verbose="true" includeEmptyDirs="true" failonerror="false">
			<fileset dir="${wthome}" includesfile="${wtdev}/loadXMLFiles/com/vw/delete.log" />
		</delete>
	</target>

	<target name="renameComponentJar">
		<move file="${wthome}/codebase/WEB-INF/lib/${COMPONENT.system.name}.jar" tofile="${wthome}/codebase/WEB-INF/lib/${COMPONENT.system.name}_${COMPONENT.system.major}.${COMPONENT.system.minor}.${COMPONENT.system.point}.${COMPONENT.system.buildCode}.jar" />
	</target>

	<!-- - - - - - - - - - - - - - - - - - 
          target: checkComponentJar                      
         - - - - - - - - - - - - - - - - - -->
	<target name="checkComponentJar">
		<available file="${wthome}/codebase/WEB-INF/lib/${COMPONENT.system.name}.jar" property="componentJarExists" />
	</target>

	<!-- ================================= 
          target: extractAndDeleteComponentJar              
         ================================= -->
	<target name="extractAndDeleteComponentJar" description="extracts the component.jar into the codebase and delete it" depends="checkComponentJar" if="componentJarExists">
		<!-- extract the component.jar into the codebase -->
		<unzip src="${wthome}/codebase/WEB-INF/lib/${COMPONENT.system.name}.jar" dest="${wthome}/codebase" />

		<!-- delete the component.jar to avoid class duplicates inside the classpath -->
		<delete file="${wthome}/codebase/WEB-INF/lib/${COMPONENT.system.name}.jar" />
	</target>


	<target name="setClassPath_linkToClassPath_RCL">
		<loadproperties srcFile="${wthome}/codebase/wt.properties" />
		<exec failonerror="true" executable="${VW_xconfCommand}">
			<arg line="-s wt.java.classpath=$(rcl.patch.classpath)$(path.sep)${wt.java.classpath}" />
			<arg line="-t codebase/wt.properties" />
			<arg value="-Fp" />
		</exec>
	</target>


	<target name="setClassPath_RCL">
		<loadproperties srcFile="${wthome}/codebase/wt.properties" />
		<exec failonerror="true" executable="${VW_xconfCommand}">
			<arg line="-s rcl.patch.classpath=$(wt.webinf.lib)$(dir.sep)${COMPONENT.system.name}_${COMPONENT.system.major}.${COMPONENT.system.minor}.${COMPONENT.system.point}.${COMPONENT.system.buildCode}.jar$(path.sep)${rcl.patch.classpath}" />
			<arg line="-t codebase/wt.properties" />
			<arg value="-Fp" />
		</exec>
	</target>


	<target name="setClassPath_linkToClassPath_KVS">
		<loadproperties srcFile="${wthome}/codebase/wt.properties" />
		<exec failonerror="true" executable="${VW_xconfCommand}">
			<arg line="-s wt.java.classpath=$(kvs.patch.classpath)$(path.sep)${wt.java.classpath}" />
			<arg line="-t codebase/wt.properties" />
			<arg value="-Fp" />
		</exec>
	</target>


	<target name="setClassPath_KVS">
		<loadproperties srcFile="${wthome}/codebase/wt.properties" />
		<exec failonerror="true" executable="${VW_xconfCommand}">
			<arg line="-s kvs.patch.classpath=$(wt.webinf.lib)$(dir.sep)${COMPONENT.system.name}_${COMPONENT.system.major}.${COMPONENT.system.minor}.${COMPONENT.system.point}.${COMPONENT.system.buildCode}.jar$(path.sep)${kvs.patch.classpath}" />
			<arg line="-t codebase/wt.properties" />
			<arg value="-Fp" />
		</exec>
	</target>


	<!-- ================================= 
          target: tempPatchConflictCheck              
         ================================= -->
	<!-- ant -f codebase/com/vw/generic/patch/PatchProject/loadXMLFiles/com/vw/patchUtil.xml tempPatchConflictCheck -->
	<target name="tempPatchConflictCheck">

		<!-- 
            Install ECA on an OOTB Windchill, rename the wtSafeArea, afterwards install the temp patch you want to test.
            Restore the wtSafeArea and run the tool. It will list all modified files that exists inside the wtSafeArea.
        -->

		<property name="windchill.home.dir" value="${env.WT_HOME}" />
		<property name="wtSafeArea.dir" value="${windchill.home.dir}/wtSafeArea/siteMod" />

		<!-- throw an error if the wtSafeArea is missing -->
		<fail message="wtSafeArea is missing!">
			<condition>
				<not>
					<available file="${wtSafeArea.dir}" type="dir" property="wtSafeArea.present" />
				</not>
			</condition>
		</fail>

		<!-- Select files that exists in Windchill and the wtSafeArea which differ between the two locations -->
		<fileset id="modified.files" dir="${windchill.home.dir}">
			<present present="both" targetdir="${wtSafeArea.dir}" />
			<depend targetdir="${wtSafeArea.dir}" />
		</fileset>

		<!-- prepare output -->
		<pathconvert property="badFiles" refid="modified.files" pathsep="${line.separator}">
			<map from="${windchill.home.dir}" to="" />
		</pathconvert>

		<echo message="=============================================" />
		<echo message="Findings:" />
		<echo message="${badFiles}" />
		<echo message="=============================================" />

		<!-- throw an error if a modified file exists -->
		<fail message="Found modified files!">
			<condition>
				<resourcecount when="greater" count="0" refid="modified.files" />
			</condition>
		</fail>

	</target>

</project>
