<component name="@componentName@" organisation="Volkswagen" description="@componentDesc@" COTS="false" xmlns="http://ssp.ptc.com"
    xmlns:xsi="http://www.w3.org/2001/XMLSchema-instance" xsi:schemaLocation="http://ssp.ptc.com component.xsd">

    <version major="@major@" minor="@minor@" point="@patchNumber@" buildCode="@patchIteration@" />
    <windchill release="@release@" dateCode="@dateCode@" installSequence="0" />

	<!-- Install -->
    <install>
        <!-- copy tasks -->
        
        <!-- xconf tasks -->
        
        <!-- xconf mode="site" file="kvs_patch.xconf"/-->
        
        <!-- sql tasks -->
                 
        <!-- xml tasks that have the same destination file should be combined into one single xmltask -->
        
        <!-- alterProperties -->
         
        <!-- ldif -->
         
        <!-- DO NOT PUT LOADFILES INTO THIS FILE, USE THE CORRESPONDING XML FILE INSIDE devPatches FOLDER -->
        
    </install>

	<!-- Extension -->
    <extension>
        <preDist>
			<ant antfile="srclib/buildEnhancements.targets.xml" target="generate-services">
                <property name="services.srcdir" value="${wtdev}${/}src" />
                <property name="services.outputdir" value="${compileSource.dest}${/}src_gen" />
            </ant>

            <!-- Uncomment this block if your patch contains Excel based resourceBundles. -->
            <!-- 
            <ant antfile="srclib/buildEnhancements.targets.xml" target="convertRBs">
                <property name="bundle.srcdir" value="${wtdev}${/}src" />
                <property name="bundle.outputdir" value="${wtdev}${/}src_gen" />
                <property name="bundle.format" value="java" />
                <property name="bundle.postDelete" value="false" />
            </ant>
            -->
            
            <ant antfile="srclib/buildEnhancements.targets.xml" target="src_gen2BIF">
				<!-- Copies all generated code to ${compileSource.dest}${/}src_gen -->
                <property name="gen.srcdir" value="${wtdev}${/}src_gen" />
            </ant>

            <ant antfile="srclib/buildEnhancements.targets.xml" target="gwt-compile">
                <property name="gwt.srcdir" value="${wtdev}${/}src" />
                <property name="gwt.distdir" value="${wtdev}${/}codebase${/}gwt" />
                <property name="gwt.module.name" value="com.ptc.interfaces.kvs.gwt.GWTKVSModule" />
            </ant>
        </preDist>

        <preDeploy>
            <!-- backup files that are modified or deleted with this patch -->
            <ant antfile="loadXMLFiles/com/vw/patchUtil.xml" target="backupFilesECA" inheritRefs="true" />
            
            <!-- delete files that should be removed with this patch -->
            <ant antfile="loadXMLFiles/com/vw/patchUtil.xml" target="deleteFiles" inheritRefs="true" />
        
            <ant antfile="extension/PreKVSPatchInstall.xml">
                <property name="gwt.module.name" value="com.ptc.interfaces.kvs.gwt.GWTKVSModule" />
            </ant>
        </preDeploy>
        <postDeploy>
            <!-- Make sure that the properties are propagated -->
            <ant antfile="srclib/buildEnhancements.targets.xml" target="executeXconfmanager" inheritRefs="true" />
        
            <ant antfile="extension/PostKVSInstall.xml" inheritAll="true" />
			
            <!-- extracts the component.jar into the codebase and delete it -->
            <ant antfile="loadXMLFiles/com/vw/patchUtil.xml" target="extractAndDeleteComponentJar" inheritRefs="true" />
        </postDeploy>
    </extension>

</component>
